Airline_x,Max_Year,Airline_y,Min_Year
Aeroflot Russian Intl A/l,1996,Asian Express Airlines,1996
Aeroflot Russian Intl A/l,1996,China Eastern Airlines,1996
Aeroflot Russian Intl A/l,1996,Emirates,1996
Aeroflot Russian Intl A/l,1996,Freedom Air International,1996
Aeroflot Russian Intl A/l,1996,Martinair Holland,1996
Aeroflot Russian Intl A/l,1996,National Jet Systems,1996
Aeroflot Russian Intl A/l,1996,Vietnam Airlines,1996
Australia Asia Airlines,1996,Asian Express Airlines,1996
Australia Asia Airlines,1996,China Eastern Airlines,1996
Australia Asia Airlines,1996,Emirates,1996
Australia Asia Airlines,1996,Freedom Air International,1996
Australia Asia Airlines,1996,Martinair Holland,1996
Australia Asia Airlines,1996,National Jet Systems,1996
Australia Asia Airlines,1996,Vietnam Airlines,1996
Kiwi Travel Intl Airlines,1996,Asian Express Airlines,1996
Kiwi Travel Intl Airlines,1996,China Eastern Airlines,1996
Kiwi Travel Intl Airlines,1996,Emirates,1996
Kiwi Travel Intl Airlines,1996,Freedom Air International,1996
Kiwi Travel Intl Airlines,1996,Martinair Holland,1996
Kiwi Travel Intl Airlines,1996,National Jet Systems,1996
Kiwi Travel Intl Airlines,1996,Vietnam Airlines,1996
Aerolineas Argentinas,2014,Cebu Pacific Air,2014
Virgin Atlantic Airways,2014,Cebu Pacific Air,2014
Air Austral,2012,Scoot,2012
Air Australia,2012,Scoot,2012
Air Caledonie,2012,Scoot,2012
Continental Micronesia,2012,Scoot,2012
Our Airline,2012,Scoot,2012
Air Caledonie International,2020,Kalitta Air,2020
Air Canada,2020,Kalitta Air,2020
Air Chathams,2020,Kalitta Air,2020
Air China,2020,Kalitta Air,2020
Air India,2020,Kalitta Air,2020
Air Mauritius,2020,Kalitta Air,2020
Air New Zealand,2020,Kalitta Air,2020
Air Niugini,2020,Kalitta Air,2020
Air Vanuatu,2020,Kalitta Air,2020
AirAsia X,2020,Kalitta Air,2020
All Nippon Airways,2020,Kalitta Air,2020
American Airlines,2020,Kalitta Air,2020
Asiana Airlines,2020,Kalitta Air,2020
Batik Air Indonesia,2020,Kalitta Air,2020
Beijing Capital Airlines,2020,Kalitta Air,2020
British Airways,2020,Kalitta Air,2020
Cathay Pacific Airways,2020,Kalitta Air,2020
Cebu Pacific Air,2020,Kalitta Air,2020
China Airlines,2020,Kalitta Air,2020
China Eastern Airlines,2020,Kalitta Air,2020
China Southern Airlines,2020,Kalitta Air,2020
Citilink Indonesia,2020,Kalitta Air,2020
Delta Air Lines,2020,Kalitta Air,2020
Donghai Airlines,2020,Kalitta Air,2020
Emirates,2020,Kalitta Air,2020
Etihad Airways,2020,Kalitta Air,2020
Eva Air,2020,Kalitta Air,2020
Federal Express Corporation,2020,Kalitta Air,2020
Fiji Airways,2020,Kalitta Air,2020
Garuda Indonesia,2020,Kalitta Air,2020
Hainan Airlines,2020,Kalitta Air,2020
Hawaiian Airlines,2020,Kalitta Air,2020
Hong Kong Airlines,2020,Kalitta Air,2020
Indonesia AirAsia,2020,Kalitta Air,2020
Japan Airlines,2020,Kalitta Air,2020
Jetstar,2020,Kalitta Air,2020
Jetstar Asia,2020,Kalitta Air,2020
Kalitta Air,2020,Kalitta Air,2020
Korean Air,2020,Kalitta Air,2020
LATAM Airlines,2020,Kalitta Air,2020
Malaysia Airlines,2020,Kalitta Air,2020
Malindo Air,2020,Kalitta Air,2020
Nauru Airlines,2020,Kalitta Air,2020
Pacific Air Express,2020,Kalitta Air,2020
Philippine Airlines,2020,Kalitta Air,2020
Polar Air Cargo,2020,Kalitta Air,2020
Qantas Airways,2020,Kalitta Air,2020
Qatar Airways,2020,Kalitta Air,2020
Royal Brunei Airlines,2020,Kalitta Air,2020
Samoa Airways,2020,Kalitta Air,2020
Scoot Tigerair,2020,Kalitta Air,2020
Sichuan Airlines,2020,Kalitta Air,2020
Silk Air,2020,Kalitta Air,2020
Singapore Airlines,2020,Kalitta Air,2020
Solomon Airlines,2020,Kalitta Air,2020
South African Airways,2020,Kalitta Air,2020
SriLankan Airlines,2020,Kalitta Air,2020
Tasman Cargo Airlines,2020,Kalitta Air,2020
Thai AirAsia X,2020,Kalitta Air,2020
Thai Airways International,2020,Kalitta Air,2020
Tianjin Airlines,2020,Kalitta Air,2020
United Airlines,2020,Kalitta Air,2020
United Parcel Service,2020,Kalitta Air,2020
Vietnam Airlines,2020,Kalitta Air,2020
Virgin Australia,2020,Kalitta Air,2020
Xiamen Airlines,2020,Kalitta Air,2020
Air France,1995,AOM French Airlines,1995
Air France,1995,Air Zimbabwe,1995
Air France,1995,Asiana Airlines,1995
Air France,1995,Continental Micronesia,1995
Air France,1995,EgyptAir,1995
Air France,1995,Evergreen Intl Airlines,1995
Air France,1995,Kiwi Travel Intl Airlines,1995
Air France,1995,Virgin Atlantic Airways,1995
Ansett Air Freight,1995,AOM French Airlines,1995
Ansett Air Freight,1995,Air Zimbabwe,1995
Ansett Air Freight,1995,Asiana Airlines,1995
Ansett Air Freight,1995,Continental Micronesia,1995
Ansett Air Freight,1995,EgyptAir,1995
Ansett Air Freight,1995,Evergreen Intl Airlines,1995
Ansett Air Freight,1995,Kiwi Travel Intl Airlines,1995
Ansett Air Freight,1995,Virgin Atlantic Airways,1995
Air Nauru,2007,AirAsia X,2007
Air Nauru,2007,Airnorth,2007
Air Nauru,2007,Etihad Airways,2007
Air Nauru,2007,Pacific Air Express,2007
Air Nauru,2007,Silk Air,2007
Asian Express Airlines,2007,AirAsia X,2007
Asian Express Airlines,2007,Airnorth,2007
Asian Express Airlines,2007,Etihad Airways,2007
Asian Express Airlines,2007,Pacific Air Express,2007
Asian Express Airlines,2007,Silk Air,2007
Austrian Airlines,2007,AirAsia X,2007
Austrian Airlines,2007,Airnorth,2007
Austrian Airlines,2007,Etihad Airways,2007
Austrian Airlines,2007,Pacific Air Express,2007
Austrian Airlines,2007,Silk Air,2007
Gulf Air,2007,AirAsia X,2007
Gulf Air,2007,Airnorth,2007
Gulf Air,2007,Etihad Airways,2007
Gulf Air,2007,Pacific Air Express,2007
Gulf Air,2007,Silk Air,2007
Lan Chile,2007,AirAsia X,2007
Lan Chile,2007,Airnorth,2007
Lan Chile,2007,Etihad Airways,2007
Lan Chile,2007,Pacific Air Express,2007
Lan Chile,2007,Silk Air,2007
Merpati Nusantara Airlines,2007,AirAsia X,2007
Merpati Nusantara Airlines,2007,Airnorth,2007
Merpati Nusantara Airlines,2007,Etihad Airways,2007
Merpati Nusantara Airlines,2007,Pacific Air Express,2007
Merpati Nusantara Airlines,2007,Silk Air,2007
Air Pacific,2010,Air Australia,2010
Air Pacific,2010,Jetstar Asia,2010
Cargolux Airlines Intl,2010,Air Australia,2010
Cargolux Airlines Intl,2010,Jetstar Asia,2010
JALways,2010,Air Australia,2010
JALways,2010,Jetstar Asia,2010
Tiger Airways,2010,Air Australia,2010
Tiger Airways,2010,Jetstar Asia,2010
Air Paradise International,2005,Air Tahiti Nui,2005
Air Paradise International,2005,Airlines PNG,2005
Air Paradise International,2005,Austrian Airlines,2005
Air Paradise International,2005,Jetstar,2005
Air Paradise International,2005,Tiger Airways,2005
Air Paradise International,2005,Transair,2005
Lauda Air,2005,Air Tahiti Nui,2005
Lauda Air,2005,Airlines PNG,2005
Lauda Air,2005,Austrian Airlines,2005
Lauda Air,2005,Jetstar,2005
Lauda Air,2005,Tiger Airways,2005
Lauda Air,2005,Transair,2005
Lufthansa German Airlines,2005,Air Tahiti Nui,2005
Lufthansa German Airlines,2005,Airlines PNG,2005
Lufthansa German Airlines,2005,Austrian Airlines,2005
Lufthansa German Airlines,2005,Jetstar,2005
Lufthansa German Airlines,2005,Tiger Airways,2005
Lufthansa German Airlines,2005,Transair,2005
Valuair,2005,Air Tahiti Nui,2005
Valuair,2005,Airlines PNG,2005
Valuair,2005,Austrian Airlines,2005
Valuair,2005,Jetstar,2005
Valuair,2005,Tiger Airways,2005
Valuair,2005,Transair,2005
Air Tahiti Nui,2009,Air Austral,2009
Air Tahiti Nui,2009,Delta Air Lines,2009
Air Tahiti Nui,2009,Indonesia AirAsia,2009
Air Tahiti Nui,2009,Qatar Airways,2009
Air Tahiti Nui,2009,V Australia,2009
Airnorth,2009,Air Austral,2009
Airnorth,2009,Delta Air Lines,2009
Airnorth,2009,Indonesia AirAsia,2009
Airnorth,2009,Qatar Airways,2009
Airnorth,2009,V Australia,2009
OzJet,2009,Air Austral,2009
OzJet,2009,Delta Air Lines,2009
OzJet,2009,Indonesia AirAsia,2009
OzJet,2009,Qatar Airways,2009
OzJet,2009,V Australia,2009
SkyAirWorld,2009,Air Austral,2009
SkyAirWorld,2009,Delta Air Lines,2009
SkyAirWorld,2009,Indonesia AirAsia,2009
SkyAirWorld,2009,Qatar Airways,2009
SkyAirWorld,2009,V Australia,2009
Airlines PNG,2013,Air Caledonie International,2013
Airlines PNG,2013,Nauru Airlines,2013
Airlines PNG,2013,Sichuan Airlines,2013
Ansett International,2001,Air Canada,2001
Evergreen Intl Airlines,2001,Air Canada,2001
KLM Royal Dutch Airlines,2001,Air Canada,2001
Australian Airlines,2006,JALways,2006
Transair,2006,JALways,2006
Continental Airlines,1993,Aeroflot Russian Intl A/l,1993
Continental Airlines,1993,Air France,1993
Continental Airlines,1993,Ansett Air Freight,1993
Continental Airlines,1993,Ansett International,1993
Continental Airlines,1993,Eva Air,1993
Continental Airlines,1993,Polar Air Cargo,1993
Continental Airlines,1993,Royal Tongan Airlines,1993
Continental Airlines,1993,Sempati Air,1993
Cook Islands International,1990,American Airlines,1990
Cook Islands International,1990,Gulf Air,1990
Cook Islands International,1990,Korean Air,1990
EgyptAir,2002,Australian Airlines,2002
EgyptAir,2002,Gemini Air Cargo,2002
Olympic Airways,2002,Australian Airlines,2002
Olympic Airways,2002,Gemini Air Cargo,2002
Flight West Airlines,1999,Cargolux Airlines Intl,1999
Flight West Airlines,1999,China Airlines,1999
Flying Tiger Line,1989,Federal Express Corporation,1989
Freedom Air International,2008,LAN Airlines,2008
Freedom Air International,2008,Our Airline,2008
Freedom Air International,2008,OzJet,2008
Freedom Air International,2008,SkyAirWorld,2008
Freedom Air International,2008,Tasman Cargo Airlines,2008
Martinair Holland,2008,LAN Airlines,2008
Martinair Holland,2008,Our Airline,2008
Martinair Holland,2008,OzJet,2008
Martinair Holland,2008,SkyAirWorld,2008
Martinair Holland,2008,Tasman Cargo Airlines,2008
Gemini Air Cargo,2003,Air Paradise International,2003
Polynesian Airlines,2003,Air Paradise International,2003
Indonesia AirAsia Extra,2016,Beijing Capital Airlines,2016
Indonesia AirAsia Extra,2016,Hong Kong Airlines,2016
Indonesia AirAsia Extra,2016,Jin Air,2016
Indonesia AirAsia Extra,2016,LATAM Airlines,2016
Indonesia AirAsia Extra,2016,Tigerair Australia,2016
LAN Airlines,2016,Beijing Capital Airlines,2016
LAN Airlines,2016,Hong Kong Airlines,2016
LAN Airlines,2016,Jin Air,2016
LAN Airlines,2016,LATAM Airlines,2016
LAN Airlines,2016,Tigerair Australia,2016
Jin Air,2018,Donghai Airlines,2018
Jin Air,2018,Samoa Airways,2018
MBA Pty Ltd,1998,Flight West Airlines,1998
MBA Pty Ltd,1998,Lan Chile,1998
MBA Pty Ltd,1998,Swissair,1998
MBA Pty Ltd,1998,United Parcel Service,1998
Middle East Airlines,1998,Flight West Airlines,1998
Middle East Airlines,1998,Lan Chile,1998
Middle East Airlines,1998,Swissair,1998
Middle East Airlines,1998,United Parcel Service,1998
National Jet Systems,1998,Flight West Airlines,1998
National Jet Systems,1998,Lan Chile,1998
National Jet Systems,1998,Swissair,1998
National Jet Systems,1998,United Parcel Service,1998
National Airlines,1994,Air Mauritius,1994
National Airlines,1994,Connie Kalitta Services,1994
National Airlines,1994,Middle East Airlines,1994
National Airlines,1994,National Airlines,1994
Northwest Airlines,1994,Air Mauritius,1994
Northwest Airlines,1994,Connie Kalitta Services,1994
Northwest Airlines,1994,Middle East Airlines,1994
Northwest Airlines,1994,National Airlines,1994
Norfolk Jet Express,2004,Norfolk Jet Express,2004
Norfolk Jet Express,2004,Valuair,2004
Norfolk Jet Express,2004,Virgin Australia,2004
Norfolk Jet Express,2004,Virgin Samoa,2004
Royal Tongan Airlines,2004,Norfolk Jet Express,2004
Royal Tongan Airlines,2004,Valuair,2004
Royal Tongan Airlines,2004,Virgin Australia,2004
Royal Tongan Airlines,2004,Virgin Samoa,2004
Pan American,1986,Cook Islands International,1986
Pan American,1986,Merpati Nusantara Airlines,1986
Pan American,1986,United Airlines,1986
Pel-Air Aviation,1992,SriLankan Airlines,1992
Union de Transports Aeriens,1992,SriLankan Airlines,1992
Yugoslav Airlines,1992,SriLankan Airlines,1992
Scoot,2017,Batik Air Indonesia,2017
Scoot,2017,Scoot Tigerair,2017
Scoot,2017,Tianjin Airlines,2017
Tigerair Australia,2017,Batik Air Indonesia,2017
Tigerair Australia,2017,Scoot Tigerair,2017
Tigerair Australia,2017,Tianjin Airlines,2017
Virgin Samoa,2017,Batik Air Indonesia,2017
Virgin Samoa,2017,Scoot Tigerair,2017
Virgin Samoa,2017,Tianjin Airlines,2017
Sempati Air,1997,China Southern Airlines,1997
Sempati Air,1997,MBA Pty Ltd,1997
Tigerair,2015,Indonesia AirAsia Extra,2015
Tigerair,2015,Malindo Air,2015
Tigerair,2015,Xiamen Airlines,2015
V Australia,2011,Fiji Airways,2011
V Australia,2011,Hainan Airlines,2011
V Australia,2011,Tigerair,2011
