Airline,level_1,Freight_In_(tonnes)
Air Caledonie International,5704,
Air Caledonie International,37498,
Air Caledonie International,20226,3.8906666666666667
Air Caledonie International,40616,5.5906666666666665
Air Caledonie International,35123,4.852666666666667
Air Caledonie International,33092,5.046333333333333
Air Caledonie International,9972,3.2593333333333336
Air Caledonie International,4902,4.817
Air Caledonie International,33877,4.7316666666666665
Air Caledonie International,26924,5.409333333333333
Air Caledonie International,20561,4.114
Air Caledonie International,42236,3.251
Air Canada,36962,
Air Canada,12163,
Air Canada,37064,282.28766666666667
Air Canada,9011,322.54866666666675
Air Canada,42501,386.1336666666668
Air Canada,32365,448.3783333333334
Air Canada,29371,442.0176666666668
Air Canada,34389,443.86300000000006
Air Canada,23375,382.50566666666674
Air Canada,13379,372.2470000000001
Air Canada,21147,339.49766666666676
Air Canada,14734,351.59700000000004
Air China,24356,
Air China,2370,
Air China,9249,718.6930000000001
Air China,9201,606.9110000000001
Air China,14221,573.7663333333334
Air China,35159,536.8106666666666
Air China,16492,473.74366666666657
Air China,27969,406.93799999999993
Air China,17572,364.58033333333333
Air China,11109,368.8329999999999
Air China,20870,367.94699999999995
Air China,24076,443.05099999999993
Air India,26585,
Air India,16366,
Air India,27837,161.22666666666666
Air India,11587,152.769
Air India,42709,131.28666666666666
Air India,20773,116.58999999999999
Air India,42844,121.351
Air India,42237,130.1676666666667
Air India,8199,153.7566666666667
Air India,23908,189.63200000000003
Air India,42064,224.04
Air India,15529,216.58
Air Mauritius,6512,
Air Mauritius,27819,
Air Mauritius,30817,46.899333333333324
Air Mauritius,2310,37.46733333333333
Air Mauritius,13851,35.407333333333334
Air Mauritius,37877,28.567999999999998
Air Mauritius,16708,30.48133333333333
Air Mauritius,24650,36.53666666666666
Air Mauritius,18406,50.386666666666656
Air Mauritius,35522,55.99199999999999
Air Mauritius,12725,54.034333333333315
Air Mauritius,41139,52.29566666666665
Air New Zealand,280,
Air New Zealand,10569,
Air New Zealand,26836,2021.5136666666667
Air New Zealand,31589,999.6379999999999
Air New Zealand,8379,999.6283333333332
Air New Zealand,33009,1003.4343333333333
Air New Zealand,6924,1003.3383333333333
Air New Zealand,23194,1750.9873333333335
Air New Zealand,40788,747.6756666666669
Air New Zealand,42051,1504.331666666667
Air New Zealand,33822,756.6826666666667
Air New Zealand,42230,1586.9616666666668
Air New Zealand,12585,830.3026666666668
Air New Zealand,25627,1756.7103333333337
Air New Zealand,7237,926.4753333333339
Air New Zealand,30971,1735.1246666666673
Air New Zealand,11767,808.8976666666672
Air New Zealand,37862,1552.743666666667
Air New Zealand,16675,744.0943333333338
Air New Zealand,33021,1545.8133333333337
Air New Zealand,1806,1573.5530000000006
Air New Zealand,30210,1573.554666666667
Air New Zealand,23046,771.651666666667
Air New Zealand,25572,945.7730000000005
Air Niugini,6186,
Air Niugini,4950,
Air Niugini,42180,43.318999999999996
Air Niugini,35423,35.57866666666667
Air Niugini,30512,32.82633333333334
Air Niugini,18243,34.51066666666667
Air Niugini,37461,32.69133333333334
Air Niugini,40524,32.53066666666667
Air Niugini,36308,29.459000000000003
Air Niugini,37155,31.251333333333335
Air Niugini,34727,36.762
Air Niugini,32279,43.73733333333334
Air Vanuatu,42362,
Air Vanuatu,4394,
Air Vanuatu,21094,3.692333333333334
Air Vanuatu,20850,4.560666666666667
Air Vanuatu,23009,4.920333333333333
Air Vanuatu,39513,4.196333333333333
Air Vanuatu,39599,3.3476666666666666
Air Vanuatu,6064,2.9963333333333337
Air Vanuatu,9990,3.1653333333333333
Air Vanuatu,38640,3.978
Air Vanuatu,4964,4.749666666666667
Air Vanuatu,38270,4.09
AirAsia X,10767,
AirAsia X,22016,
AirAsia X,4981,284.59433333333334
AirAsia X,37533,194.05300000000003
AirAsia X,6737,502.9833333333334
AirAsia X,36391,519.0643333333334
AirAsia X,5844,360.8573333333334
AirAsia X,37145,414.4873333333333
AirAsia X,13532,777.0190000000001
AirAsia X,41534,797.0880000000001
AirAsia X,12182,472.2296666666668
AirAsia X,20704,494.09733333333344
AirAsia X,5037,471.5466666666668
AirAsia X,16021,769.974
AirAsia X,24458,369.3413333333333
AirAsia X,38849,767.1840000000001
AirAsia X,2119,431.0546666666667
AirAsia X,3551,827.2986666666667
AirAsia X,15397,401.26433333333347
AirAsia X,22510,757.5773333333333
AirAsia X,896,802.5659999999999
AirAsia X,21629,798.2816666666666
AirAsia X,17365,441.96866666666665
AirAsia X,41957,347.88599999999997
All Nippon Airways,27714,
All Nippon Airways,34271,
All Nippon Airways,5940,298.145
All Nippon Airways,1479,298.0743333333334
All Nippon Airways,4566,309.4370000000001
All Nippon Airways,40185,360.78066666666683
All Nippon Airways,38153,384.4310000000002
All Nippon Airways,31191,442.04133333333357
All Nippon Airways,21013,457.11933333333354
All Nippon Airways,1774,462.0276666666669
All Nippon Airways,40773,448.2003333333336
All Nippon Airways,13073,441.16400000000027
American Airlines,36868,
American Airlines,781,
American Airlines,16170,7.293333333333334
American Airlines,31988,13.384666666666668
American Airlines,14074,30.472333333333335
American Airlines,5023,37.077666666666666
American Airlines,5471,29.304333333333336
American Airlines,24847,64.27566666666667
American Airlines,16571,71.139
American Airlines,27526,72.20733333333334
American Airlines,41193,19.83266666666667
American Airlines,12923,5.2060000000000075
Asiana Airlines,40475,
Asiana Airlines,26116,
Asiana Airlines,39631,193.94833333333335
Asiana Airlines,36067,201.07933333333332
Asiana Airlines,5259,202.88033333333328
Asiana Airlines,34583,187.2353333333333
Asiana Airlines,31273,178.02366666666663
Asiana Airlines,23246,166.10999999999999
Asiana Airlines,8229,169.99866666666662
Asiana Airlines,12127,164.67733333333328
Asiana Airlines,34396,176.04033333333328
Asiana Airlines,28006,163.2566666666666
Batik Air Indonesia,12726,
Batik Air Indonesia,8146,
Batik Air Indonesia,41016,0.0
Batik Air Indonesia,36369,0.0
Batik Air Indonesia,13265,0.0
Batik Air Indonesia,19173,0.0
Batik Air Indonesia,33924,0.0
Batik Air Indonesia,41513,0.0
Batik Air Indonesia,18293,0.0
Batik Air Indonesia,16275,0.0
Batik Air Indonesia,16822,0.0
Batik Air Indonesia,21716,0.0
Beijing Capital Airlines,14047,
Beijing Capital Airlines,5024,
Beijing Capital Airlines,12212,216.30966666666666
Beijing Capital Airlines,31885,184.59966666666665
Beijing Capital Airlines,23990,218.97400000000002
Beijing Capital Airlines,35766,183.833
Beijing Capital Airlines,21581,187.13633333333337
Beijing Capital Airlines,16857,165.5496666666667
Beijing Capital Airlines,30694,194.68133333333336
Beijing Capital Airlines,39080,205.14866666666668
Beijing Capital Airlines,30380,235.323
Beijing Capital Airlines,17601,233.27133333333336
British Airways,20906,
British Airways,25266,
British Airways,9216,120.015
British Airways,35047,117.66566666666665
British Airways,31464,117.64233333333333
British Airways,38885,245.28566666666666
British Airways,10052,132.727
British Airways,38170,261.68966666666665
British Airways,40213,267.78000000000003
British Airways,41945,274.12833333333333
British Airways,24978,150.24066666666664
British Airways,34466,148.145
British Airways,9806,254.60300000000004
British Airways,16146,252.77533333333338
British Airways,24436,245.26200000000003
British Airways,38808,134.00033333333334
British Airways,7396,260.901
British Airways,22418,140.37400000000005
British Airways,16753,140.63300000000004
British Airways,40347,150.32533333333342
British Airways,2834,281.0326666666667
British Airways,17000,279.1413333333334
British Airways,20511,255.30300000000003
British Airways,39193,122.1236666666667
Cathay Pacific Airways,4564,
Cathay Pacific Airways,22085,
Cathay Pacific Airways,21344,3011.9649999999997
Cathay Pacific Airways,22010,3066.8366666666666
Cathay Pacific Airways,25662,3191.4816666666666
Cathay Pacific Airways,40239,3359.3993333333333
Cathay Pacific Airways,13667,3566.906666666667
Cathay Pacific Airways,10614,3705.2223333333336
Cathay Pacific Airways,17944,3593.501
Cathay Pacific Airways,11946,3553.739666666667
Cathay Pacific Airways,24833,3426.0056666666674
Cathay Pacific Airways,6887,3471.3170000000005
Cebu Pacific Air,16923,
Cebu Pacific Air,27155,
Cebu Pacific Air,20095,237.73033333333333
Cebu Pacific Air,36018,215.75366666666665
Cebu Pacific Air,38253,209.5513333333333
Cebu Pacific Air,26954,205.45933333333332
Cebu Pacific Air,35021,210.8123333333333
Cebu Pacific Air,13778,235.04766666666663
Cebu Pacific Air,21019,286.29333333333335
Cebu Pacific Air,21937,339.5343333333334
Cebu Pacific Air,17933,333.1513333333334
Cebu Pacific Air,8985,301.13700000000017
China Airlines,30988,
China Airlines,34500,
China Airlines,5743,224.18833333333336
China Airlines,10324,204.50533333333337
China Airlines,22757,203.95700000000002
China Airlines,22925,232.99700000000004
China Airlines,11891,312.5993333333334
China Airlines,21905,305.1176666666667
China Airlines,35908,199.4236666666667
China Airlines,41442,221.11100000000008
China Airlines,5005,399.59533333333343
China Airlines,39096,407.69733333333346
China Airlines,687,430.1410000000001
China Airlines,19267,236.77700000000004
China Airlines,28127,364.88866666666667
China Airlines,28532,196.17566666666664
China Airlines,7749,376.3406666666667
China Airlines,7757,221.51800000000006
China Airlines,17491,393.1330000000001
China Airlines,18199,219.0236666666668
China Airlines,8834,222.3166666666668
China Airlines,19713,184.7610000000001
China Airlines,4341,324.84433333333345
China Airlines,22386,378.9310000000001
China Eastern Airlines,20547,
China Eastern Airlines,32432,
China Eastern Airlines,16175,784.4639999999999
China Eastern Airlines,31890,789.1703333333334
China Eastern Airlines,25936,772.0499999999998
China Eastern Airlines,7713,681.4743333333332
China Eastern Airlines,6879,664.0239999999999
China Eastern Airlines,9741,656.4646666666666
China Eastern Airlines,40838,712.435
China Eastern Airlines,41449,754.9323333333333
China Eastern Airlines,35762,822.6236666666667
China Eastern Airlines,29798,777.1543333333334
China Southern Airlines,26947,
China Southern Airlines,4468,
China Southern Airlines,7592,1255.579
China Southern Airlines,8714,1452.5666666666666
China Southern Airlines,41329,1564.733333333333
China Southern Airlines,41554,1688.2829999999994
China Southern Airlines,12908,1780.4989999999996
China Southern Airlines,32484,2092.328333333333
China Southern Airlines,593,2003.1096666666663
China Southern Airlines,15341,1734.6799999999996
China Southern Airlines,2365,1561.062333333333
China Southern Airlines,41950,1579.8409999999997
Delta Air Lines,8787,
Delta Air Lines,5540,
Delta Air Lines,28695,233.4606666666667
Delta Air Lines,28662,262.781
Delta Air Lines,18880,271.5896666666667
Delta Air Lines,33060,291.1666666666667
Delta Air Lines,9461,337.183
Delta Air Lines,6358,379.3179999999999
Delta Air Lines,23271,366.55633333333327
Delta Air Lines,4254,327.5503333333333
Delta Air Lines,30490,262.4453333333333
Delta Air Lines,1449,239.40099999999998
Donghai Airlines,30590,
Donghai Airlines,7344,
Donghai Airlines,10824,1.1176666666666668
Donghai Airlines,14840,3.232333333333333
Donghai Airlines,36840,3.996
Donghai Airlines,9166,2.8783333333333334
Donghai Airlines,25280,2.954333333333334
Donghai Airlines,35585,2.8653333333333335
Emirates,6239,
Emirates,8466,
Emirates,10542,895.7759999999998
Emirates,13163,297.1123333333333
Emirates,14884,284.8383333333333
Emirates,3679,284.873
Emirates,8623,295.98333333333335
Emirates,18220,1333.8323333333335
Emirates,20070,1333.786
Emirates,40114,1048.4460000000001
Emirates,125,23.36866666666674
Emirates,2270,1116.4843333333336
Emirates,7209,1105.8873333333333
Emirates,7376,1309.8953333333334
Emirates,42019,216.77966666666666
Emirates,18320,216.77966666666666
Emirates,23251,94.49266666666665
Emirates,29722,1107.9633333333334
Emirates,35355,1107.9633333333334
Emirates,38681,1024.9153333333334
Emirates,1788,11.471999999999904
Emirates,10910,100.04866666666658
Emirates,17286,1134.1643333333332
Emirates,18166,1149.754
Emirates,25480,1061.1773333333333
Emirates,20430,15.61800000000009
Emirates,27421,16.914333333333424
Emirates,27484,16.914333333333424
Emirates,27749,128.1340000000001
Emirates,35352,1237.9773333333335
Emirates,9545,2523.626
Emirates,11596,2522.3120000000004
Emirates,28827,1395.7936666666671
Emirates,28968,125.96333333333375
Emirates,32152,16.05666666666707
Emirates,3896,15.978000000000401
Emirates,28507,1166.5126666666672
Emirates,33768,1313.2573333333337
Emirates,34032,1328.6560000000006
Emirates,41623,162.30300000000048
Emirates,2562,1158.1056666666673
Emirates,8531,1157.4990000000005
Emirates,15761,1157.5113333333338
Emirates,30855,14.964000000000397
Emirates,38171,119.48600000000039
Emirates,2917,123.4550000000004
Emirates,5657,1373.1643333333338
Emirates,11054,1253.690666666667
Emirates,25831,1391.507666666667
Emirates,34712,141.79833333333377
Emirates,9332,141.79833333333377
Emirates,17592,1314.5866666666673
Emirates,22101,1314.5866666666673
Emirates,28729,1395.5310000000006
Emirates,39435,80.94433333333382
Emirates,6721,80.94433333333382
Emirates,6935,2.0543333333338203
Emirates,16816,1244.5473333333339
Emirates,17586,1244.5473333333339
Emirates,34973,1318.4300000000005
Etihad Airways,33597,
Etihad Airways,5040,
Etihad Airways,33600,1025.853
Etihad Airways,30145,1189.6000000000001
Etihad Airways,39943,1370.5580000000002
Etihad Airways,6578,1425.3546666666668
Etihad Airways,8977,1259.8093333333334
Etihad Airways,28692,1074.655
Etihad Airways,6377,911.7330000000002
Etihad Airways,23050,910.1390000000001
Etihad Airways,37772,953.5266666666668
Etihad Airways,33927,917.0626666666667
Eva Air,1022,
Eva Air,15591,
Eva Air,5435,124.64133333333332
Eva Air,11267,132.63199999999998
Eva Air,21091,132.96533333333332
Eva Air,20950,152.01099999999997
Eva Air,2787,176.86599999999996
Eva Air,3583,197.1863333333333
Eva Air,23345,199.33866666666665
Eva Air,6102,180.571
Eva Air,10270,187.38166666666666
Eva Air,22149,198.11100000000002
Federal Express Corporation,11786,
Federal Express Corporation,12767,
Federal Express Corporation,8839,671.853
Federal Express Corporation,30314,350.76066666666657
Federal Express Corporation,25136,350.76066666666657
Federal Express Corporation,35331,388.2043333333332
Federal Express Corporation,18959,760.2773333333331
Federal Express Corporation,26521,760.2773333333331
Federal Express Corporation,726,746.2129999999997
Federal Express Corporation,15004,374.1399999999997
Federal Express Corporation,6978,374.1399999999997
Federal Express Corporation,42055,378.54133333333294
Federal Express Corporation,7229,378.54133333333294
Federal Express Corporation,42176,773.3619999999996
Federal Express Corporation,1500,394.8206666666663
Federal Express Corporation,15928,788.3589999999996
Federal Express Corporation,19252,786.396333333333
Federal Express Corporation,30943,786.396333333333
Federal Express Corporation,25601,392.85799999999966
Federal Express Corporation,30819,407.61866666666634
Federal Express Corporation,20288,573.6476666666664
Federal Express Corporation,21673,945.3776666666663
Federal Express Corporation,33351,537.7589999999997
Federal Express Corporation,28376,776.1889999999995
Federal Express Corporation,37824,404.45899999999955
Federal Express Corporation,38289,634.601333333333
Fiji Airways,21698,
Fiji Airways,7489,
Fiji Airways,23471,287.21633333333335
Fiji Airways,17408,265.86666666666673
Fiji Airways,40168,270.6403333333334
Fiji Airways,11626,288.958
Fiji Airways,33001,341.5186666666668
Fiji Airways,21400,398.7360000000001
Fiji Airways,16935,377.3880000000001
Fiji Airways,10413,352.2636666666667
Fiji Airways,32340,301.16200000000003
Fiji Airways,4420,297.7036666666667
Garuda Indonesia,25735,
Garuda Indonesia,30236,
Garuda Indonesia,36879,595.5769999999999
Garuda Indonesia,13698,667.6726666666666
Garuda Indonesia,10128,688.3263333333333
Garuda Indonesia,10355,692.4016666666666
Garuda Indonesia,14031,625.5079999999999
Garuda Indonesia,38792,550.0263333333332
Garuda Indonesia,41005,502.4923333333333
Garuda Indonesia,6103,606.9019999999999
Garuda Indonesia,15936,762.906
Garuda Indonesia,19258,833.0269999999999
Hainan Airlines,3070,
Hainan Airlines,22830,
Hainan Airlines,13426,312.384
Hainan Airlines,24733,387.987
Hainan Airlines,14551,476.296
Hainan Airlines,10103,513.3733333333333
Hainan Airlines,29087,484.8709999999999
Hainan Airlines,30246,458.18933333333325
Hainan Airlines,16565,447.5826666666666
Hainan Airlines,7042,465.6696666666666
Hainan Airlines,41655,487.09799999999996
Hainan Airlines,12147,491.3546666666666
Hawaiian Airlines,35422,
Hawaiian Airlines,8658,
Hawaiian Airlines,18313,160.981
Hawaiian Airlines,5831,159.04599999999996
Hawaiian Airlines,10522,161.576
Hawaiian Airlines,38971,154.4526666666667
Hawaiian Airlines,18862,157.6746666666667
Hawaiian Airlines,33372,167.69633333333334
Hawaiian Airlines,2322,177.35833333333335
Hawaiian Airlines,38077,183.306
Hawaiian Airlines,11223,177.69466666666665
Hawaiian Airlines,37882,171.69466666666665
Hong Kong Airlines,1810,
Hong Kong Airlines,7603,
Hong Kong Airlines,12107,216.92600000000002
Hong Kong Airlines,32436,186.98366666666666
Hong Kong Airlines,9222,193.69633333333334
Hong Kong Airlines,17314,174.696
Hong Kong Airlines,39703,170.059
Hong Kong Airlines,24922,147.59766666666667
Hong Kong Airlines,25370,140.85600000000002
Hong Kong Airlines,14691,130.33933333333334
Indonesia AirAsia,40207,
Indonesia AirAsia,36604,
Indonesia AirAsia,11499,28.92833333333333
Indonesia AirAsia,10513,29.943
Indonesia AirAsia,18455,29.31533333333333
Indonesia AirAsia,36462,23.453999999999997
Indonesia AirAsia,41933,26.385666666666662
Indonesia AirAsia,29851,23.956999999999997
Indonesia AirAsia,34894,24.323666666666668
Indonesia AirAsia,25732,18.92766666666667
Indonesia AirAsia,30008,15.215666666666666
Indonesia AirAsia,39667,10.679333333333332
Japan Airlines,39222,
Japan Airlines,15526,
Japan Airlines,24565,275.96066666666667
Japan Airlines,39414,298.0903333333333
Japan Airlines,36705,357.12466666666666
Japan Airlines,36379,379.6856666666667
Japan Airlines,39029,444.5976666666667
Japan Airlines,23372,471.3053333333334
Japan Airlines,24027,452.08600000000007
Japan Airlines,18415,433.35666666666674
Japan Airlines,11216,371.14933333333346
Japan Airlines,9041,368.0543333333335
Jetstar,937,
Jetstar,1894,
Jetstar,2182,73.39066666666666
Jetstar,2454,71.94833333333334
Jetstar,21889,108.89233333333333
Jetstar,24737,71.15466666666664
Jetstar,27073,130.85899999999998
Jetstar,32508,119.05399999999997
Jetstar,34997,147.9623333333333
Jetstar,635,124.40699999999998
Jetstar,3456,90.25799999999998
Jetstar,4693,104.50966666666665
Jetstar,5579,70.47433333333332
Jetstar,9338,46.24566666666666
Jetstar,14413,32.051999999999985
Jetstar,20439,29.93833333333332
Jetstar,38434,119.28133333333331
Jetstar,40334,187.86599999999996
Jetstar,2677,189.04433333333327
Jetstar,4958,104.20333333333326
Jetstar,10593,34.065666666666594
Jetstar,11203,84.15699999999991
Jetstar,11545,198.9276666666666
Jetstar,22800,284.9189999999999
Jetstar,24556,236.49233333333325
Jetstar,32654,154.64633333333322
Jetstar,42289,91.31066666666656
Jetstar,3080,112.75566666666656
Jetstar,3196,161.5613333333332
Jetstar,16683,162.63399999999987
Jetstar,18971,246.13166666666652
Jetstar,26791,160.8246666666665
Jetstar,28776,138.1926666666665
Jetstar,31659,141.43466666666652
Jetstar,35350,140.94199999999987
Jetstar,39641,137.73599999999985
Jetstar,2868,96.60399999999983
Jetstar,5462,216.19299999999984
Jetstar,20483,192.3926666666665
Jetstar,20672,123.83199999999984
Jetstar,22289,37.85766666666651
Jetstar,22294,57.734333333333176
Jetstar,27275,146.65599999999984
Jetstar,33084,233.8163333333332
Jetstar,41459,240.56199999999987
Jetstar,7806,172.56866666666653
Jetstar,9713,108.72599999999987
Jetstar,14820,81.31133333333321
Jetstar,17235,99.10399999999987
Jetstar,18815,164.77966666666654
Jetstar,21713,165.0103333333332
Jetstar,23039,157.7196666666665
Jetstar,27100,154.23099999999985
Jetstar,41113,240.25066666666655
Jetstar,489,324.7013333333332
Jetstar,1116,287.6616666666665
Jetstar,3788,327.59599999999983
Jetstar,7076,234.91899999999984
Jetstar,10411,153.72466666666648
Jetstar,13621,26.581999999999784
Jetstar,17995,95.70999999999977
Jetstar,20594,120.05766666666642
Jetstar,41493,183.2286666666664
Jetstar,1228,202.4259999999998
Jetstar,20031,191.52633333333313
Jetstar,21193,211.14133333333314
Jetstar,21563,208.00966666666645
Jetstar,24486,194.88766666666643
Jetstar,24861,140.87133333333313
Jetstar,32107,31.72599999999977
Jetstar,38779,71.03266666666643
Jetstar,40457,73.63399999999976
Jetstar,4727,74.07899999999977
Jetstar,10440,111.89166666666642
Jetstar,16695,101.1893333333331
Jetstar,23090,218.77099999999976
Jetstar,32766,188.76799999999977
Jetstar,36304,214.64399999999975
Jetstar,39431,96.75399999999975
Jetstar,40914,106.47466666666644
Jetstar,42725,178.53666666666643
Jetstar,5697,289.67233333333314
Jetstar,6591,302.05299999999977
Jetstar,9753,266.71466666666646
Jetstar,17891,312.39333333333315
Jetstar,23703,279.8333333333332
Jetstar,23882,216.84399999999985
Jetstar,29091,60.76733333333319
Jetstar,30282,22.30433333333319
Jetstar,40439,49.49333333333319
Jetstar,11429,169.21466666666652
Jetstar,13195,250.50633333333317
Jetstar,13869,224.72366666666653
Jetstar,19600,129.57766666666652
Jetstar,20101,234.83199999999988
Jetstar,23788,214.74633333333324
Jetstar,35041,258.4809999999999
Jetstar,38785,112.02199999999989
Jetstar,42675,110.54399999999991
Jetstar,3040,54.47733333333324
Jetstar,8419,44.74899999999991
Jetstar,11023,102.67633333333323
Jetstar,11377,90.5109999999999
Jetstar,15361,167.7349999999999
Jetstar,17989,109.76033333333324
Jetstar,26420,258.56033333333323
Jetstar,42330,193.6873333333332
Jetstar Asia,17495,
Jetstar Asia,17903,
Jetstar Asia,5580,7.909666666666666
Jetstar Asia,33331,8.091333333333333
Jetstar Asia,33589,8.688666666666665
Jetstar Asia,23357,8.586666666666666
Jetstar Asia,27566,6.938666666666665
Jetstar Asia,6733,7.320999999999999
Jetstar Asia,533,8.088333333333333
Jetstar Asia,3774,9.333666666666668
Jetstar Asia,41501,9.867
Jetstar Asia,10359,9.543333333333335
Jin Air,11494,
Korean Air,17406,
Korean Air,13678,
Korean Air,32553,226.085
Korean Air,8104,214.87366666666665
Korean Air,23590,213.86966666666663
Korean Air,5407,194.8983333333333
Korean Air,33673,203.956
Korean Air,37256,184.9503333333333
Korean Air,42823,185.92799999999997
Korean Air,25685,178.44466666666662
Korean Air,21329,186.35233333333326
Korean Air,2594,185.04866666666658
LATAM Airlines,15120,
LATAM Airlines,22887,
LATAM Airlines,14690,117.16300000000001
LATAM Airlines,15079,91.23266666666666
LATAM Airlines,19369,90.24666666666667
LATAM Airlines,30668,148.40366666666668
LATAM Airlines,19236,136.721
LATAM Airlines,26884,132.08133333333333
LATAM Airlines,11978,73.23066666666666
LATAM Airlines,15860,93.34833333333336
LATAM Airlines,39059,125.35233333333336
LATAM Airlines,39699,126.22300000000003
LATAM Airlines,188,74.28900000000003
LATAM Airlines,6364,82.38766666666672
LATAM Airlines,936,144.5056666666667
LATAM Airlines,41767,141.92566666666673
LATAM Airlines,13728,102.15866666666672
LATAM Airlines,26308,71.57033333333338
LATAM Airlines,10566,127.17300000000006
LATAM Airlines,10955,126.75966666666672
LATAM Airlines,18012,153.2176666666667
LATAM Airlines,40602,95.35966666666673
LATAM Airlines,19877,94.88400000000006
LATAM Airlines,35063,92.73933333333339
Malaysia Airlines,24527,
Malaysia Airlines,18908,
Malaysia Airlines,12221,1455.1013333333333
Malaysia Airlines,32389,1631.5353333333335
Malaysia Airlines,12897,1758.2106666666668
Malaysia Airlines,24470,1784.5843333333335
Malaysia Airlines,2753,1874.5176666666666
Malaysia Airlines,287,1950.175
Malaysia Airlines,1988,2004.3103333333331
Malaysia Airlines,23567,2069.5363333333335
Malaysia Airlines,31499,2092.2326666666672
Malaysia Airlines,40935,1961.960666666667
Malindo Air,20535,
Malindo Air,29662,
Malindo Air,29098,0.8733333333333334
Malindo Air,30332,1.6733333333333331
Malindo Air,384,0.7999999999999998
Malindo Air,6992,2.086
Malindo Air,26033,1.3526666666666667
Malindo Air,37903,2.476
Malindo Air,26178,1.19
Malindo Air,35225,1.79
Malindo Air,571,0.7416666666666666
Malindo Air,27859,2.0716666666666668
Malindo Air,25920,2.9716666666666662
Malindo Air,37655,2.8966666666666665
Malindo Air,29558,3.15
Malindo Air,31442,2.103
Malindo Air,19343,3.5420000000000003
Malindo Air,30851,2.9313333333333333
Malindo Air,9293,2.4116666666666666
Malindo Air,42380,0.9726666666666667
Malindo Air,17516,0.0
Malindo Air,39265,0.0
Malindo Air,10491,0.0
Malindo Air,10985,0.0
Nauru Airlines,4049,
Nauru Airlines,12411,
Nauru Airlines,14736,2.749333333333333
Nauru Airlines,30840,2.949333333333333
Nauru Airlines,12268,3.3796666666666666
Nauru Airlines,4526,4.558666666666666
Nauru Airlines,877,3.525
Nauru Airlines,37965,4.702666666666666
Nauru Airlines,32471,3.8859999999999992
Nauru Airlines,12428,4.540333333333332
Nauru Airlines,7802,3.7079999999999997
Nauru Airlines,5330,12.284333333333334
Pacific Air Express,4499,
Pacific Air Express,6053,
Pacific Air Express,3248,0.6126666666666667
Pacific Air Express,3393,0.6126666666666667
Pacific Air Express,14586,0.6793333333333335
Pacific Air Express,29117,5.567333333333333
Pacific Air Express,7101,6.14
Pacific Air Express,8817,11.444333333333333
Pacific Air Express,17205,6.103000000000001
Pacific Air Express,35854,6.1723333333333334
Pacific Air Express,6469,2.4243333333333332
Pacific Air Express,12861,2.4936666666666665
Pacific Air Express,29536,2.8489999999999998
Pacific Air Express,37437,1.6536666666666662
Pacific Air Express,12665,1.4249999999999996
Pacific Air Express,26705,0.5703333333333328
Pacific Air Express,18234,0.1676666666666661
Pacific Air Express,38664,1.0053333333333327
Pacific Air Express,39309,0.8626666666666661
Pacific Air Express,39921,0.837666666666666
Pacific Air Express,21167,0.0
Pacific Air Express,24304,0.30266666666666603
Pacific Air Express,20667,0.5429999999999994
Philippine Airlines,1676,
Philippine Airlines,29814,
Philippine Airlines,33871,191.62933333333334
Philippine Airlines,41733,233.859
Philippine Airlines,2272,245.183
Philippine Airlines,13802,270.62966666666665
Philippine Airlines,21829,269.3053333333333
Philippine Airlines,10841,248.8653333333333
Philippine Airlines,38308,189.87733333333327
Philippine Airlines,38130,147.28199999999993
Philippine Airlines,39951,122.79533333333329
Philippine Airlines,27978,116.23066666666664
Polar Air Cargo,5447,
Polar Air Cargo,9643,
Polar Air Cargo,27335,79.12166666666667
Polar Air Cargo,42583,203.95766666666668
Polar Air Cargo,3039,236.44100000000003
Polar Air Cargo,9742,236.44100000000003
Polar Air Cargo,14158,111.60500000000002
Polar Air Cargo,21714,109.94333333333333
Polar Air Cargo,40736,109.94333333333333
Polar Air Cargo,6294,109.94333333333333
Polar Air Cargo,9698,0.0
Polar Air Cargo,21614,132.8153333333333
Polar Air Cargo,25231,264.77566666666667
Polar Air Cargo,6251,390.2063333333333
Polar Air Cargo,9570,392.12033333333335
Polar Air Cargo,37542,260.16
Polar Air Cargo,36095,295.0660000000001
Polar Air Cargo,36405,279.44566666666674
Polar Air Cargo,37873,279.44566666666674
Polar Air Cargo,564,261.28400000000005
Polar Air Cargo,10770,142.17500000000004
Polar Air Cargo,31404,273.1283333333334
Polar Air Cargo,14583,130.95333333333338
Polar Air Cargo,30986,274.4136666666667
Polar Air Cargo,37262,278.886
Polar Air Cargo,20583,428.47599999999994
Polar Air Cargo,28205,285.0156666666666
Polar Air Cargo,41112,252.62199999999999
Polar Air Cargo,9377,103.032
Polar Air Cargo,17704,103.032
Polar Air Cargo,22748,136.79133333333334
Polar Air Cargo,41878,245.0436666666667
Polar Air Cargo,3408,383.78266666666667
Polar Air Cargo,12593,246.9913333333333
Polar Air Cargo,23068,266.1766666666667
Polar Air Cargo,41025,127.43766666666666
Polar Air Cargo,6509,127.43766666666666
Polar Air Cargo,11390,104.59733333333332
Polar Air Cargo,14012,104.59733333333332
Polar Air Cargo,25730,104.59733333333332
Polar Air Cargo,39527,149.16999999999996
Polar Air Cargo,9267,149.16999999999996
Polar Air Cargo,12967,269.8956666666666
Polar Air Cargo,28358,224.36966666666663
Polar Air Cargo,36303,224.36966666666663
Qantas Airways,819,
Qantas Airways,3126,
Qantas Airways,6069,434.58
Qantas Airways,7989,131.93566666666666
Qantas Airways,9948,132.08066666666667
Qantas Airways,13007,230.617
Qantas Airways,15374,141.97733333333335
Qantas Airways,18083,141.83233333333334
Qantas Airways,22323,18.89300000000001
Qantas Airways,22410,282.07700000000006
Qantas Airways,24685,609.8103333333333
Qantas Airways,25564,639.1643333333334
Qantas Airways,27134,632.199
Qantas Airways,28843,414.02399999999994
Qantas Airways,36195,396.24033333333324
Qantas Airways,36419,158.33666666666662
Qantas Airways,38214,51.02333333333329
Qantas Airways,3316,28.173333333333293
Qantas Airways,5980,281.09499999999997
Qantas Airways,11404,420.62833333333333
Qantas Airways,12167,420.606
Qantas Airways,12835,376.95966666666664
Qantas Airways,14332,502.1956666666667
Qantas Airways,22875,503.23566666666665
Qantas Airways,22902,279.86299999999994
Qantas Airways,23658,67.6996666666666
Qantas Airways,23958,68.83833333333327
Qantas Airways,24287,487.1846666666666
Qantas Airways,26937,562.4906666666666
Qantas Airways,29557,610.5876666666666
Qantas Airways,31324,181.0826666666666
Qantas Airways,38684,71.43266666666659
Qantas Airways,39555,111.93999999999993
Qantas Airways,40495,158.57799999999992
Qantas Airways,1077,280.52799999999996
Qantas Airways,3298,334.8396666666667
Qantas Airways,3588,288.1293333333333
Qantas Airways,8825,158.41133333333332
Qantas Airways,9538,548.2203333333332
Qantas Airways,11648,664.7153333333332
Qantas Airways,14006,651.9763333333332
Qantas Airways,14349,117.12033333333322
Qantas Airways,14930,335.6553333333332
Qantas Airways,22089,389.0836666666666
Qantas Airways,25059,394.1499999999999
Qantas Airways,25246,71.16933333333331
Qantas Airways,26052,64.1433333333333
Qantas Airways,30608,361.3499999999999
Qantas Airways,30652,384.8719999999999
Qantas Airways,38460,657.4056666666667
Qantas Airways,39819,355.08500000000004
Qantas Airways,40782,391.5423333333333
Qantas Airways,3346,565.096
Qantas Airways,3504,605.5533333333334
Qantas Airways,5117,773.6066666666667
Qantas Airways,7769,281.117
Qantas Airways,7816,273.8216666666667
Qantas Airways,10711,106.84566666666672
Qantas Airways,10818,157.95700000000005
Qantas Airways,15815,250.80266666666674
Qantas Airways,19450,177.11900000000006
Qantas Airways,29344,129.9543333333334
Qantas Airways,33040,7.11466666666674
Qantas Airways,33513,324.4160000000001
Qantas Airways,35364,321.2300000000001
Qantas Airways,36657,439.90966666666674
Qantas Airways,36829,184.7213333333334
Qantas Airways,37747,510.22466666666674
Qantas Airways,2888,441.85166666666674
Qantas Airways,6811,520.9766666666668
Qantas Airways,7326,725.9570000000002
Qantas Airways,8684,1012.2943333333336
Qantas Airways,11799,878.0373333333337
Qantas Airways,16009,689.7393333333335
Qantas Airways,19918,422.20700000000016
Qantas Airways,20649,464.9373333333335
Qantas Airways,32850,122.0286666666669
Qantas Airways,33333,91.12033333333356
Qantas Airways,38100,294.9256666666668
Qantas Airways,38861,395.94333333333344
Qantas Airways,39747,446.52933333333345
Qantas Airways,41792,193.58933333333349
Qantas Airways,2587,672.8256666666668
Qantas Airways,4675,743.8350000000002
Qantas Airways,5491,744.0233333333335
Qantas Airways,10550,193.64200000000028
Qantas Airways,11329,92.02466666666696
Qantas Airways,13825,91.25966666666694
Qantas Airways,14138,106.62966666666695
Qantas Airways,16380,45.963000000000285
Qantas Airways,17568,129.9710000000003
Qantas Airways,20506,93.31500000000028
Qantas Airways,23388,427.96733333333356
Qantas Airways,25113,446.9643333333336
Qantas Airways,31949,778.001666666667
Qantas Airways,32821,442.6673333333336
Qantas Airways,37202,339.6623333333336
Qantas Airways,38161,218.227666666667
Qantas Airways,39218,288.91366666666704
Qantas Airways,2926,471.9173333333337
Qantas Airways,3932,288.282666666667
Qantas Airways,7412,225.07400000000038
Qantas Airways,8252,42.077000000000375
Qantas Airways,8395,360.73300000000035
Qantas Airways,10374,354.05466666666695
Qantas Airways,12887,405.5610000000003
Qantas Airways,19725,155.69666666666703
Qantas Airways,21054,355.1813333333337
Qantas Airways,26685,388.3770000000004
Qantas Airways,32611,296.69433333333376
Qantas Airways,35507,175.58066666666704
Qantas Airways,37974,792.3986666666669
Qantas Airways,38805,853.2303333333338
Qantas Airways,39523,1122.6323333333337
Qantas Airways,1425,421.1056666666671
Qantas Airways,1772,527.7316666666671
Qantas Airways,6302,543.8540000000005
Qantas Airways,8409,621.3273333333339
Qantas Airways,9456,486.0110000000006
Qantas Airways,10232,164.23600000000056
Qantas Airways,11491,86.76433333333391
Qantas Airways,16510,433.60633333333385
Qantas Airways,21788,1109.1053333333339
Qantas Airways,30849,1205.571333333334
Qantas Airways,32303,815.6286666666674
Qantas Airways,33979,106.66433333333407
Qantas Airways,34594,127.2416666666674
Qantas Airways,34868,354.49400000000077
Qantas Airways,34976,422.5603333333341
Qantas Airways,3203,535.7343333333341
Qantas Airways,8856,308.3323333333341
Qantas Airways,14711,388.4113333333341
Qantas Airways,16104,190.43966666666742
Qantas Airways,16847,203.23266666666737
Qantas Airways,18927,361.32400000000075
Qantas Airways,19313,398.0600000000008
Qantas Airways,19393,384.67466666666746
Qantas Airways,20868,420.0226666666675
Qantas Airways,26102,989.5900000000009
Qantas Airways,31830,1078.297333333334
Qantas Airways,34635,854.1366666666676
Qantas Airways,36327,279.70033333333413
Qantas Airways,36686,190.99300000000076
Qantas Airways,38944,117.5480000000008
Qantas Airways,357,633.0330000000007
Qantas Airways,1005,827.1013333333341
Qantas Airways,1189,843.8100000000009
Qantas Airways,3905,406.5990000000009
Qantas Airways,4632,270.94466666666756
Qantas Airways,5017,292.62300000000084
Qantas Airways,8822,208.6103333333342
Qantas Airways,10586,150.86400000000089
Qantas Airways,17947,466.9983333333342
Qantas Airways,21060,408.62266666666756
Qantas Airways,22626,796.8103333333343
Qantas Airways,26854,430.0393333333343
Qantas Airways,29813,430.0393333333343
Qantas Airways,32966,269.4893333333343
Qantas Airways,34609,228.30533333333426
Qantas Airways,39233,235.28933333333427
Qantas Airways,6079,407.4936666666675
Qantas Airways,7659,407.4936666666675
Qantas Airways,8719,400.5096666666675
Qantas Airways,9985,34.93033333333415
Qantas Airways,11210,35.692666666667485
Qantas Airways,13252,265.74933333333416
Qantas Airways,17893,376.8520000000008
Qantas Airways,27058,417.38066666666754
Qantas Airways,30372,760.2310000000008
Qantas Airways,31458,807.1420000000007
Qantas Airways,31735,831.112333333334
Qantas Airways,37399,372.89333333333406
Qantas Airways,40283,179.94933333333404
Qantas Airways,40401,503.3570000000007
Qantas Airways,40496,455.23500000000064
Qantas Airways,41176,464.7686666666673
Qantas Airways,729,122.48333333333396
Qantas Airways,2090,103.93366666666729
Qantas Airways,3473,443.0733333333339
Qantas Airways,5840,396.6900000000005
Qantas Airways,6931,475.8220000000005
Qantas Airways,17474,349.9770000000005
Qantas Airways,19887,349.97666666666714
Qantas Airways,23248,248.8770000000005
Qantas Airways,23735,72.4063333333338
Qantas Airways,25461,80.96966666666714
Qantas Airways,31086,127.62433333333381
Qantas Airways,36074,82.13166666666716
Qantas Airways,36520,189.0083333333338
Qantas Airways,37653,668.0100000000003
Qantas Airways,39621,668.2010000000004
Qantas Airways,39705,868.0586666666669
Qatar Airways,7931,
Qatar Airways,34889,
Qatar Airways,37293,1307.5046666666667
Qatar Airways,35273,1401.8706666666665
Qatar Airways,28372,1442.6136666666662
Qatar Airways,36605,1367.0489999999993
Qatar Airways,42590,1299.406666666666
Qatar Airways,15608,1276.3676666666659
Qatar Airways,40348,1219.2513333333327
Qatar Airways,3653,1269.133666666666
Qatar Airways,34526,1277.4753333333326
Qatar Airways,22288,1246.9266666666658
Royal Brunei Airlines,5010,
Royal Brunei Airlines,10619,
Royal Brunei Airlines,25290,228.52166666666665
Royal Brunei Airlines,37037,229.12233333333333
Royal Brunei Airlines,32277,220.73766666666666
Royal Brunei Airlines,24711,225.864
Royal Brunei Airlines,20047,226.70199999999997
Royal Brunei Airlines,9025,238.83066666666664
Royal Brunei Airlines,23157,228.84233333333336
Royal Brunei Airlines,22490,227.84900000000002
Royal Brunei Airlines,38574,196.596
Royal Brunei Airlines,8005,184.9753333333333
Samoa Airways,20374,
Samoa Airways,23752,
Samoa Airways,250,0.0
Samoa Airways,28041,0.09466666666666666
Samoa Airways,28418,0.17466666666666666
Samoa Airways,33731,0.3703333333333334
Samoa Airways,33109,0.40466666666666673
Samoa Airways,3778,0.5166666666666667
Samoa Airways,10773,0.34800000000000003
Samoa Airways,17918,0.219
Scoot Tigerair,34452,
Scoot Tigerair,37990,
Scoot Tigerair,10341,466.137
Scoot Tigerair,27027,442.4356666666667
Scoot Tigerair,7181,405.89166666666665
Scoot Tigerair,23506,361.31199999999995
Scoot Tigerair,15685,394.0693333333333
Scoot Tigerair,32400,445.2083333333333
Scoot Tigerair,40378,408.141
Scoot Tigerair,30192,459.64933333333335
Scoot Tigerair,13499,463.5626666666667
Scoot Tigerair,16801,450.85300000000007
Sichuan Airlines,35822,
Sichuan Airlines,15555,
Sichuan Airlines,37973,102.80799999999999
Sichuan Airlines,5904,104.77066666666666
Sichuan Airlines,28946,91.83266666666664
Sichuan Airlines,34211,77.44066666666664
Sichuan Airlines,1971,79.09399999999998
Sichuan Airlines,31444,76.87666666666662
Sichuan Airlines,13934,79.93466666666662
Sichuan Airlines,9183,70.70333333333329
Sichuan Airlines,35035,76.10666666666664
Sichuan Airlines,38970,77.27733333333332
Silk Air,28137,
Silk Air,8278,
Silk Air,30359,25.389
Silk Air,22403,26.070333333333338
Silk Air,36028,24.95533333333334
Silk Air,443,23.38666666666667
Silk Air,17417,24.698666666666668
Silk Air,25332,24.560333333333336
Silk Air,10310,23.285333333333337
Silk Air,21370,20.736666666666675
Silk Air,21164,19.468666666666675
Silk Air,41473,19.12866666666667
Singapore Airlines,14918,
Singapore Airlines,39645,
Singapore Airlines,9622,2258.757333333333
Singapore Airlines,15637,2143.711666666666
Singapore Airlines,15225,4454.085666666666
Singapore Airlines,15817,4471.078333333333
Singapore Airlines,4635,2551.691666666666
Singapore Airlines,21113,2527.3689999999997
Singapore Airlines,26104,5012.69
Singapore Airlines,31470,5030.454999999999
Singapore Airlines,1099,5210.980999999999
Singapore Airlines,1507,2726.2826666666665
Singapore Airlines,6311,5348.384666666667
Singapore Airlines,14367,2848.1810000000005
Singapore Airlines,23172,5481.016333333334
Singapore Airlines,25333,2841.6863333333336
Singapore Airlines,6217,2883.001666666667
Singapore Airlines,8853,2773.6620000000003
Singapore Airlines,6051,2827.5326666666665
Singapore Airlines,13614,5276.4873333333335
Singapore Airlines,6540,2755.644333333333
Singapore Airlines,9550,5362.3820000000005
Singapore Airlines,4296,5170.164333333334
Singapore Airlines,25328,5174.56
Solomon Airlines,40580,
Solomon Airlines,4939,
Solomon Airlines,4338,5.876
Solomon Airlines,24101,4.991333333333333
Solomon Airlines,23465,5.164666666666667
Solomon Airlines,7211,5.620333333333334
Solomon Airlines,24624,4.6723333333333334
Solomon Airlines,35058,6.140666666666667
Solomon Airlines,32932,4.765000000000001
Solomon Airlines,6996,6.123333333333335
Solomon Airlines,35034,4.545666666666668
Solomon Airlines,21419,3.906000000000001
South African Airways,13054,
South African Airways,30053,
South African Airways,31789,92.66433333333333
South African Airways,16636,87.42266666666666
South African Airways,9855,102.30566666666668
South African Airways,28102,94.45033333333333
South African Airways,40349,98.36066666666666
South African Airways,29233,103.21633333333334
South African Airways,15952,113.06633333333332
South African Airways,3009,117.13099999999999
South African Airways,35347,104.05733333333335
South African Airways,4684,98.35933333333334
SriLankan Airlines,19834,
SriLankan Airlines,37109,
SriLankan Airlines,8571,182.2733333333333
SriLankan Airlines,10056,201.02499999999998
SriLankan Airlines,35812,201.98666666666665
SriLankan Airlines,10346,186.77266666666665
SriLankan Airlines,35653,195.189
SriLankan Airlines,7203,218.19866666666667
SriLankan Airlines,10117,248.896
SriLankan Airlines,6757,261.787
SriLankan Airlines,700,260.638
SriLankan Airlines,35061,248.20666666666668
Tasman Cargo Airlines,8502,
Tasman Cargo Airlines,11005,
Tasman Cargo Airlines,40718,386.2366666666667
Tasman Cargo Airlines,6780,379.33133333333336
Tasman Cargo Airlines,10493,376.50800000000004
Tasman Cargo Airlines,31571,322.77000000000004
Tasman Cargo Airlines,5490,357.7476666666667
Tasman Cargo Airlines,32012,427.07666666666677
Tasman Cargo Airlines,19020,478.3030000000001
Tasman Cargo Airlines,16469,505.95333333333343
Tasman Cargo Airlines,33036,511.0796666666668
Tasman Cargo Airlines,39585,558.2900000000002
Thai Airways International,16488,
Thai Airways International,24656,
Thai Airways International,42553,1314.8203333333333
Thai Airways International,9431,1364.9526666666668
Thai Airways International,17463,1445.8890000000001
Thai Airways International,939,1412.9333333333336
Thai Airways International,17775,1479.5143333333335
Thai Airways International,13053,1508.196
Thai Airways International,28324,1542.3076666666664
Thai Airways International,19815,1602.807333333333
Thai Airways International,40339,1494.4496666666662
Thai Airways International,33607,1374.3646666666662
Tianjin Airlines,10069,
Tianjin Airlines,23203,
Tianjin Airlines,37907,28.76533333333333
Tianjin Airlines,40024,46.019
Tianjin Airlines,8453,53.45733333333333
Tianjin Airlines,33005,102.29033333333335
Tianjin Airlines,10092,135.77133333333336
Tianjin Airlines,15137,192.34133333333338
Tianjin Airlines,12395,197.40233333333336
Tianjin Airlines,12608,219.7786666666667
Tianjin Airlines,30758,212.554
Tianjin Airlines,35563,250.68700000000004
United Airlines,18070,
United Airlines,19329,
United Airlines,32385,507.55333333333334
United Airlines,16124,515.1313333333334
United Airlines,6322,576.5843333333333
United Airlines,15552,635.607
United Airlines,11744,750.9176666666667
United Airlines,40848,756.9119999999999
United Airlines,29337,689.875
United Airlines,17692,618.0959999999999
United Airlines,37268,568.6809999999999
United Airlines,25027,544.4829999999998
United Parcel Service,6245,
United Parcel Service,9651,
United Parcel Service,35939,497.1566666666667
United Parcel Service,37782,497.1566666666667
United Parcel Service,1997,523.42
United Parcel Service,6253,523.42
United Parcel Service,6506,523.42
United Parcel Service,14600,0.0
United Parcel Service,17247,0.0
United Parcel Service,20565,0.0
United Parcel Service,24719,0.0
United Parcel Service,30468,585.1423333333333
United Parcel Service,38311,585.1423333333333
United Parcel Service,3188,1171.259
United Parcel Service,7368,586.1166666666667
United Parcel Service,13832,586.1166666666667
United Parcel Service,24992,0.0
United Parcel Service,40080,0.0
United Parcel Service,8650,0.0
United Parcel Service,9349,677.9333333333333
United Parcel Service,18116,677.9333333333333
United Parcel Service,32967,677.9333333333333
United Parcel Service,11633,0.0
United Parcel Service,33900,0.0
United Parcel Service,37343,0.0
United Parcel Service,38188,612.3753333333333
United Parcel Service,9843,612.3753333333333
United Parcel Service,9878,612.3753333333333
United Parcel Service,15049,545.38
United Parcel Service,22753,545.38
United Parcel Service,13390,545.38
United Parcel Service,23257,598.772
United Parcel Service,25358,598.772
United Parcel Service,26031,598.772
United Parcel Service,1811,0.0
United Parcel Service,2368,0.0
United Parcel Service,26210,573.3123333333334
United Parcel Service,34520,573.3123333333334
United Parcel Service,6063,573.3123333333334
United Parcel Service,13640,0.0
United Parcel Service,31673,646.912
United Parcel Service,38613,646.912
United Parcel Service,8711,1129.263
United Parcel Service,19350,482.3509999999999
United Parcel Service,34697,482.3509999999999
United Parcel Service,38858,0.0
United Parcel Service,5115,468.3256666666666
United Parcel Service,28460,468.3256666666666
United Parcel Service,29554,468.3256666666666
United Parcel Service,32670,0.0
Vietnam Airlines,11350,
Vietnam Airlines,11133,
Vietnam Airlines,5699,809.3293333333335
Vietnam Airlines,18978,876.9123333333333
Vietnam Airlines,39134,894.4056666666665
Vietnam Airlines,15343,902.7003333333332
Vietnam Airlines,2574,880.0663333333332
Vietnam Airlines,4058,896.2533333333332
Vietnam Airlines,21011,936.7646666666666
Vietnam Airlines,1117,942.6476666666666
Vietnam Airlines,19772,930.603
Vietnam Airlines,17780,859.6213333333334
Virgin Australia,1746,
Virgin Australia,8081,
Virgin Australia,9019,201.32866666666666
Virgin Australia,12755,201.79033333333334
Virgin Australia,12933,83.21799999999998
Virgin Australia,23529,19.562666666666633
Virgin Australia,23827,19.27999999999997
Virgin Australia,29976,19.083999999999968
Virgin Australia,36103,24.148999999999962
Virgin Australia,40666,43.2703333333333
Virgin Australia,177,186.3923333333333
Virgin Australia,13477,162.93699999999998
Virgin Australia,24661,150.0503333333333
Virgin Australia,32575,60.90699999999996
Virgin Australia,32646,72.72066666666663
Virgin Australia,34228,66.25566666666663
Virgin Australia,35222,30.776333333333287
Virgin Australia,35370,18.49933333333329
Virgin Australia,37078,18.49933333333329
Virgin Australia,39072,0.19999999999995546
Virgin Australia,30,0.19999999999995546
Virgin Australia,444,1.021666666666622
Virgin Australia,3231,7.643666666666621
Virgin Australia,6275,173.07433333333327
Virgin Australia,6873,195.54199999999994
Virgin Australia,7182,188.71999999999994
Virgin Australia,8093,23.48466666666663
Virgin Australia,10671,0.21366666666663528
Virgin Australia,29083,16.4483333333333
Virgin Australia,34525,111.2863333333333
Virgin Australia,3216,111.26799999999997
Virgin Australia,11465,95.20499999999997
Virgin Australia,13803,0.41333333333329847
Virgin Australia,15179,90.87099999999997
Virgin Australia,21225,98.38899999999997
Virgin Australia,21692,122.50766666666664
Virgin Australia,22507,213.638
Virgin Australia,23365,223.13133333333334
Virgin Australia,25058,199.18266666666668
Virgin Australia,30341,17.594666666666665
Virgin Australia,5289,0.5409999999999968
Virgin Australia,13959,179.9933333333333
Virgin Australia,16341,277.78933333333333
Virgin Australia,18353,277.65999999999997
Virgin Australia,19078,117.6393333333333
Virgin Australia,21004,44.008666666666635
Virgin Australia,21886,44.69466666666663
Virgin Australia,23346,25.097333333333296
Virgin Australia,36917,0.9319999999999595
Virgin Australia,38163,9.432666666666625
Virgin Australia,624,15.869666666666626
Virgin Australia,4549,103.91999999999996
Virgin Australia,9544,95.09399999999995
Virgin Australia,11364,88.7273333333333
Virgin Australia,13947,0.6769999999999641
Virgin Australia,19876,0.3163333333332974
Virgin Australia,20115,18.09766666666663
Virgin Australia,25509,38.21666666666663
Virgin Australia,32571,38.509333333333295
Virgin Australia,35672,281.93399999999997
Virgin Australia,1923,415.22299999999996
Virgin Australia,3107,437.5903333333333
Virgin Australia,15041,176.62299999999996
Virgin Australia,17959,23.72599999999998
Virgin Australia,18539,20.564999999999984
Virgin Australia,27037,20.009999999999984
Virgin Australia,32946,320.787
Virgin Australia,34636,301.28799999999995
Virgin Australia,37893,308.465
Virgin Australia,40406,7.593999999999975
Virgin Australia,5670,7.593999999999975
Virgin Australia,8815,0.9839999999999757
Virgin Australia,18829,28.157999999999973
Virgin Australia,27682,397.88533333333334
Virgin Australia,29408,402.72566666666665
Virgin Australia,30434,376.1863333333333
Virgin Australia,32635,176.78866666666667
Virgin Australia,35104,193.67600000000002
Virgin Australia,37248,192.62433333333334
Virgin Australia,42300,23.235000000000014
Virgin Australia,14568,6.3110000000000115
Virgin Australia,18682,25.677333333333348
Virgin Australia,20897,25.39366666666668
Virgin Australia,27564,20.023000000000014
Virgin Australia,29268,13.773333333333348
Virgin Australia,30658,173.619
Virgin Australia,31628,173.619
Virgin Australia,32491,160.84533333333331
Virgin Australia,35636,0.5273333333333312
Virgin Australia,42529,257.748
Virgin Australia,4614,257.483
Virgin Australia,6419,276.34633333333335
Virgin Australia,8114,203.85133333333332
Virgin Australia,8602,203.7733333333333
Virgin Australia,11707,396.3403333333333
Virgin Australia,13459,249.8233333333333
Virgin Australia,17136,252.3173333333333
Virgin Australia,17204,64.24433333333327
Virgin Australia,23222,26.03566666666661
Virgin Australia,30549,24.113666666666607
Virgin Australia,1252,0.5719999999999411
Virgin Australia,8796,0.5719999999999411
Virgin Australia,9288,0.17199999999994117
Virgin Australia,14478,1.2833333333332744
Virgin Australia,16223,2.1733333333332743
Virgin Australia,16609,195.5173333333333
Virgin Australia,21456,229.32899999999998
Virgin Australia,25015,268.671
Virgin Australia,27450,85.09566666666667
Virgin Australia,29979,259.7053333333334
Virgin Australia,3994,238.46833333333336
Virgin Australia,7647,228.5276666666667
Virgin Australia,12607,221.241
Virgin Australia,15719,207.19000000000003
Virgin Australia,19601,207.50566666666668
Virgin Australia,20717,168.61833333333334
Virgin Australia,22440,163.67433333333335
Virgin Australia,28732,163.70766666666668
Virgin Australia,37330,1.712000000000027
Virgin Australia,40483,42.346000000000025
Xiamen Airlines,35881,
Xiamen Airlines,3998,
Xiamen Airlines,17401,352.4750000000001
Xiamen Airlines,37277,381.6966666666667
Xiamen Airlines,13448,458.98066666666676
Xiamen Airlines,14389,461.4870000000001
Xiamen Airlines,26733,485.74500000000006
Xiamen Airlines,35290,485.942
Xiamen Airlines,12521,493.62600000000003
Xiamen Airlines,29818,457.8633333333334
Xiamen Airlines,28061,468.73966666666666
Xiamen Airlines,23975,460.4883333333333
