index,Airline,Freight_In_(tonnes),Freight_Out_(tonnes),Mail_In_(tonnes),Mail_Out_(tonnes),Month,Month_num,Passengers_In,Passengers_Out,Port_Country,Year,_id
5,Japan Airlines,210.518,755.908,101.03299999999999,9.843,44105,10,269,160,Japan,2020,42756
34,China Airlines,940.925,1284.968,79.447,0.6759999999999999,44044,8,107,907,Taiwan,2020,42583
155,China Southern Airlines,1381.35,828.714,129.923,0.0,44013,7,283,2284,China,2020,42515
198,Delta Air Lines,226.665,303.566,31.897,0.0,44044,8,558,788,USA,2020,42586
219,United Airlines,866.6260000000001,1218.985,98.792,131.637,44075,9,1289,1304,USA,2020,42711
406,Cathay Pacific Airways,2448.532,2141.035,223.06,0.0,44075,9,784,2419,Hong Kong (SAR),2020,42657
628,Air Canada,0.0,468.896,0.0,54.261,44136,11,0,0,New Zealand,2020,42801
816,Scoot Tigerair,592.967,541.136,0.0,0.0,44075,9,337,1449,Singapore,2020,42703
953,Qantas Airways,0.0,957.068,0.0,0.0,44013,7,0,0,China,2020,42543
1053,Polar Air Cargo,0.0,394.674,0.0,0.0,44136,11,0,0,Korea,2020,42850
1104,Hong Kong Airlines,364.26599999999996,112.711,0.0,0.0,44136,11,0,0,Hong Kong (SAR),2020,42833
1272,Etihad Airways,605.41,971.498,42.023,75.48899999999999,44075,9,960,1492,United Arab Emirates,2020,42669
1365,United Airlines,830.748,1416.748,98.40299999999999,177.925,44105,10,1596,1649,USA,2020,42793
1383,Qantas Airways,126.49600000000001,133.295,0.0,0.0,44044,8,0,0,Singapore,2020,42625
1401,Garuda Indonesia,273.809,202.509,47.343,0.002,44105,10,325,808,Indonesia,2020,42753
1574,Emirates,538.816,544.069,1.126,0.0,44105,10,0,0,Singapore,2020,42742
1780,Malaysia Airlines,1552.06,917.126,11.349,0.0,44075,9,370,1361,Malaysia,2020,42685
1791,Air New Zealand,1159.263,1656.154,92.48,54.113,44075,9,1844,5389,New Zealand,2020,42649
1845,Korean Air,92.663,55.094,0.0,1.51,44075,9,0,111,Korea,2020,42682
1873,Garuda Indonesia,212.239,190.123,41.126000000000005,0.0,44075,9,247,705,Indonesia,2020,42675
1970,Qantas Airways,268.687,606.317,0.9540000000000001,0.644,44105,10,289,85,New Zealand,2020,42777
2029,Singapore Airlines,167.537,676.374,0.0,0.0,44075,9,0,0,New Zealand,2020,42704
2130,Air Canada,204.765,0,65.555,0.0,44105,10,0,0,Canada,2020,42719
2258,Eva Air,669.988,545.863,0.0,0.0,44044,8,0,81,Taiwan,2020,42594
2412,Qatar Airways,2109.149,3526.901,127.213,31.430999999999997,44105,10,4780,6889,Qatar,2020,42783
2444,Qantas Airways,137.489,104.02,0.0,0.013999999999999999,44013,7,0,0,Japan,2020,42545
2560,Etihad Airways,533.856,726.3,24.386,49.155,44013,7,666,2098,United Arab Emirates,2020,42522
2671,Scoot Tigerair,746.709,335.642,0.0,0.0,44136,11,537,661,Singapore,2020,42866
2681,Air Niugini,116.695,211.58,0.0,0.0,44044,8,526,457,Papua New Guinea,2020,42574
2739,Emirates,3217.6090000000004,1271.624,132.155,145.83,44105,10,1960,5775,United Arab Emirates,2020,42744
2898,LATAM Airlines,75.352,23.615,0.0,0.0,44044,8,0,0,Chile,2020,42609
3021,Tasman Cargo Airlines,1091.982,959.58,0.0,0.0,44075,9,0,0,New Zealand,2020,42708
3092,Emirates,36.141,275.859,0.0,0.0,44136,11,0,0,Thailand,2020,42822
3146,Air India,24.65,8.804,6.966,0.040999999999999995,44044,8,198,1313,India,2020,42570
3396,Hainan Airlines,370.901,95.332,0.0,0.0,44044,8,0,0,China,2020,42602
3458,Qatar Airways,108.23,223.688,0.0,0.0,44136,11,0,0,New Zealand,2020,42861
3494,Pacific Air Express,0.0,26.728,0.0,0.0,44013,7,0,0,Papua New Guinea,2020,42538
3769,Singapore Airlines,4596.459,2819.019,36.247,0.0,44013,7,1062,2761,Singapore,2020,42555
3864,Qantas Airways,895.832,501.277,1.6030000000000002,1.439,44044,8,0,0,Hong Kong (SAR),2020,42621
3975,Emirates,469.269,131.258,2.134,0.0,44044,8,0,0,Singapore,2020,42589
4162,Hainan Airlines,109.74,26.605,0.0,0.0,44075,9,0,0,China,2020,42676
4174,Asiana Airlines,44.86600000000001,44.328,0.0,0.0,44044,8,77,1103,Korea,2020,42579
4225,Philippine Airlines,6.524,17.124,0.0,0.0,44013,7,32,287,Philippines,2020,42539
4356,Air China,814.5930000000001,614.164,62.926,77.682,44013,7,0,0,China,2020,42504
4382,Air India,79.947,51.532,33.537,0.081,44075,9,518,1624,India,2020,42648
4543,All Nippon Airways,290.453,222.216,2.7889999999999997,0.0,44075,9,377,562,Japan,2020,42653
4601,Malaysia Airlines,0.0,10.45,0.0,0.0,44136,11,0,0,Macau,2020,42841
4728,Royal Brunei Airlines,77.51899999999999,157.472,0.042,0.0,44075,9,0,29,Brunei,2020,42702
5187,Kalitta Air,0.0,192.488,0.0,0.0,44105,10,0,0,Hong Kong (SAR),2020,42758
5539,Singapore Airlines,186.905,731.045,0.0,0.0,44013,7,0,0,New Zealand,2020,42554
5696,Asiana Airlines,50.481,31.322,1.091,0.0,44013,7,205,946,Korea,2020,42511
5896,Qantas Airways,274.813,594.251,0.174,0.423,44044,8,0,0,New Zealand,2020,42624
6074,Emirates,3660.526,1527.761,81.033,157.664,44013,7,1653,5990,United Arab Emirates,2020,42521
6220,Etihad Airways,528.882,898.875,37.493,83.32799999999999,44136,11,758,835,United Arab Emirates,2020,42824
6405,American Airlines,402.63300000000004,440.348,0.0,0.0,44105,10,0,0,USA,2020,42729
6522,Virgin Australia,23.011,40.233,0.0,0.0,44044,8,0,0,USA,2020,42644
6537,Solomon Airlines,3.825,31.058,0.0,0.0,44105,10,117,30,Solomon Islands,2020,42788
6593,Qantas Airways,91.741,969.81,0.0,0.0,44075,9,0,0,China,2020,42693
6685,Emirates,0.0,510.752,0.0,0.0,44105,10,0,0,Hong Kong (SAR),2020,42738
6854,Air India,40.393,8.149,8.493,0.01,44013,7,393,1841,India,2020,42505
6892,Japan Airlines,231.929,427.061,34.735,10.839,44075,9,243,0,Japan,2020,42678
7560,All Nippon Airways,414.74699999999996,569.999,3.167,0.0,44105,10,455,581,Japan,2020,42728
7577,Beijing Capital Airlines,309.964,177.068,0.0,0.0,44136,11,0,0,China,2020,42810
7664,Kalitta Air,0.0,918.789,0.0,0.0,44136,11,0,0,Singapore,2020,42837
7710,Royal Brunei Airlines,55.623999999999995,135.597,0.0,0.0,44013,7,49,35,Brunei,2020,42552
7860,Federal Express Corporation,32.645,0,0.0,0.0,44105,10,0,0,New Zealand,2020,42748
8047,Xiamen Airlines,182.0,111.004,10.6,0.0,44105,10,278,2124,China,2020,42798
8109,Air New Zealand,1064.757,1593.821,64.344,63.213,44105,10,3048,5362,New Zealand,2020,42723
8210,Federal Express Corporation,1012.6360000000001,127.048,0.0,0.0,44044,8,0,0,Singapore,2020,42598
8508,Thai Airways International,109.273,93.026,10.964,0.0,44044,8,152,684,Thailand,2020,42637
8539,United Parcel Service,0.0,205.693,0.0,0.0,44075,9,0,0,Korea,2020,42713
8622,Etihad Airways,541.805,700.11,29.948,51.133,44044,8,698,1468,United Arab Emirates,2020,42593
8627,Qantas Airways,265.768,534.05,0.161,0.064,44075,9,0,0,New Zealand,2020,42697
8665,Qantas Airways,463.212,687.776,0.813,1.6019999999999999,44136,11,589,135,New Zealand,2020,42856
8855,Air Vanuatu,0.496,1.96,0.0,0.0,44075,9,21,302,Vanuatu,2020,42652
8998,SriLankan Airlines,96.271,34.027,1.37,0.0,44075,9,103,1939,Sri Lanka,2020,42707
9064,Etihad Airways,549.034,948.237,41.722,71.622,44105,10,726,1072,United Arab Emirates,2020,42745
9140,Emirates,0.0,0.178,0.0,0.0,44075,9,0,0,Indonesia,2020,42663
9141,American Airlines,312.08099999999996,146.746,12.177999999999999,34.335,44013,7,0,0,USA,2020,42510
9321,China Eastern Airlines,520.933,636.627,14.107000000000001,0.0,44044,8,141,1752,China,2020,42584
9447,Cathay Pacific Airways,2899.573,2214.006,132.032,0.0,44044,8,638,2554,Hong Kong (SAR),2020,42581
9479,Malaysia Airlines,1513.5710000000001,730.298,14.147,0.0,44013,7,667,2137,Malaysia,2020,42536
9559,Xiamen Airlines,59.395,49.002,5.255,0.0,44013,7,217,1086,China,2020,42567
9604,Polar Air Cargo,855.258,0,0.0,0.0,44136,11,0,0,Guam,2020,42848
9652,SriLankan Airlines,126.85700000000001,42.032,3.5580000000000003,0.0,44105,10,181,1671,Sri Lanka,2020,42789
9779,Qatar Airways,1951.72,3641.217,143.128,9.764,44075,9,2751,7973,Qatar,2020,42701
9822,Emirates,782.334,481.46,2.48,0.0,44136,11,0,0,Singapore,2020,42821
9957,Emirates,0.0,461.38,0.0,0.0,44013,7,0,0,Hong Kong (SAR),2020,42517
10026,Kalitta Air,0.0,945.484,0.0,0.0,44075,9,0,0,Singapore,2020,42680
10271,Korean Air,9.667,13.148,0.0,0.0,44105,10,34,67,Korea,2020,42761
10289,Air Niugini,136.999,230.266,0.0,0.0,44105,10,693,669,Papua New Guinea,2020,42726
10377,Tasman Cargo Airlines,1257.697,1081.377,0.0,0.0,44136,11,0,0,New Zealand,2020,42872
10480,United Parcel Service,0.0,50.836,0.0,0.0,44075,9,0,0,Singapore,2020,42714
10658,Federal Express Corporation,0.0,13.582,0.0,0.0,44044,8,0,0,Hong Kong (SAR),2020,42596
10936,Air Mauritius,0.304,4.895,0.052000000000000005,0.0,44044,8,25,306,Mauritius,2020,42571
11018,SriLankan Airlines,103.43700000000001,47.331,0.775,0.0,44013,7,0,461,Sri Lanka,2020,42557
11033,Singapore Airlines,5017.5,3056.164,35.861,0.0,44105,10,2760,2403,Singapore,2020,42787
11042,Asiana Airlines,45.667,46.929,0.0,0.0,44136,11,141,546,Korea,2020,42809
11153,Qatar Airways,72.83800000000001,148.814,0.0,0.0,44105,10,809,923,New Zealand,2020,42782
11174,Emirates,3350.9629999999997,1308.542,114.546,134.812,44075,9,1092,5491,United Arab Emirates,2020,42667
11440,Kalitta Air,89.67299999999999,133.039,0.0,0.0,44044,8,0,0,Hong Kong (SAR),2020,42605
11581,United Parcel Service,0.0,65.909,0.0,0.0,44044,8,0,0,Singapore,2020,42641
11632,Qantas Airways,0.0,0,0.0,0.0,44044,8,0,0,Korea,2020,42623
11703,Thai Airways International,61.089,22.303,0.0,0.0,44013,7,0,0,Thailand,2020,42559
12026,Polar Air Cargo,0.0,347.817,0.0,0.0,44044,8,0,0,Korea,2020,42619
12074,Air Niugini,103.699,216.278,0.0,0.0,44136,11,1035,529,Papua New Guinea,2020,42805
12158,Hainan Airlines,94.46799999999999,55.085,0.0,0.0,44136,11,0,0,China,2020,42832
12378,Kalitta Air,1578.605,0,0.0,0.0,44044,8,0,0,USA,2020,42607
12624,Malaysia Airlines,0.0,51.11,0.0,0.0,44136,11,0,0,Indonesia,2020,42840
12875,Nauru Airlines,6.843999999999999,38.531,0.136,0.054000000000000006,44136,11,40,40,Nauru,2020,42844
13157,Qantas Airways,892.785,553.354,1.082,0.0,44136,11,0,0,Hong Kong (SAR),2020,42853
13236,Emirates,793.0110000000001,532.272,0.3,5.209,44075,9,0,0,Singapore,2020,42665
13417,Polar Air Cargo,832.245,518.882,0.0,10.537,44136,11,0,0,Japan,2020,42849
13818,Qatar Airways,13.79,134.545,0.0,0.0,44044,8,475,258,New Zealand,2020,42628
13826,Qantas Airways,0.0,0,0.0,0.0,44075,9,0,0,Korea,2020,42696
13910,Qantas Airways,0.0,209.99,0.0,0.0,44075,9,0,0,Thailand,2020,42699
13961,Qantas Airways,0.0,154.016,0.0,0.0,44136,11,0,0,Thailand,2020,42858
14472,United Airlines,0.0,62.247,0.0,48.45,44075,9,0,0,New Zealand,2020,42710
14482,Qantas Airways,0.0,0,0.0,0.0,44105,10,0,0,Korea,2020,42776
14503,Philippine Airlines,15.508,16.559,0.0,0.0,44105,10,59,155,Philippines,2020,42768
14513,Korean Air,6.37,9.623,0.027000000000000003,0.0,44136,11,33,63,Korea,2020,42839
14570,Air China,1428.692,1191.245,29.559,1.43,44136,11,0,0,China,2020,42802
14663,Emirates,0.0,26.962,0.0,0.0,44044,8,0,0,Vietnam,2020,42592
14815,Tasman Cargo Airlines,1177.633,1142.689,0.0,0.0,44044,8,0,0,New Zealand,2020,42636
14910,Malindo Air,0.7070000000000001,4.56,0.0,0.0,44136,11,30,168,Malaysia,2020,42843
15109,Kalitta Air,0.0,855.277,0.0,0.0,44044,8,0,0,Singapore,2020,42606
15170,Asiana Airlines,46.236999999999995,46.776,0.0,0.0,44105,10,188,778,Korea,2020,42730
15194,Hong Kong Airlines,59.175,3.766,0.0,0.0,44044,8,0,0,Hong Kong (SAR),2020,42603
15196,Fiji Airways,267.78700000000003,180.909,1.5019999999999998,10.888,44136,11,287,134,Fiji,2020,42830
15272,United Parcel Service,1541.2320000000002,0,0.0,0.0,44044,8,0,0,USA,2020,42642
15294,Air New Zealand,0.0,1.251,0.0,0.0,44105,10,0,298,Western Samoa,2020,42725
15330,Qantas Airways,0.0,0,0.0,0.0,44013,7,0,0,Korea,2020,42546
15630,United Parcel Service,0.0,227.653,0.0,0.0,44044,8,0,0,Korea,2020,42640
15795,Nauru Airlines,8.232000000000001,117.126,0.0,0.0,44044,8,28,97,Nauru,2020,42614
15807,AirAsia X,55.538000000000004,1.007,0.0,0.0,44013,7,0,0,Malaysia,2020,42508
15814,Hong Kong Airlines,280.836,131.224,0.0,0.0,44105,10,0,0,Hong Kong (SAR),2020,42755
15826,Air China,1096.0919999999999,859.615,55.556999999999995,36.881,44044,8,0,0,China,2020,42569
15852,Nauru Airlines,0.0,14.995,0.0,0.0,44105,10,0,0,Solomon Islands,2020,42767
15935,Cebu Pacific Air,171.467,61.919,0.0,0.0,44044,8,0,0,Philippines,2020,42582
16166,United Parcel Service,0.0,22.853,0.0,0.0,44105,10,0,0,Singapore,2020,42795
16266,LATAM Airlines,5.119,25.993,0.0,0.0,44105,10,0,0,New Zealand,2020,42763
16387,Hong Kong Airlines,156.106,46.057,0.0,0.0,44075,9,0,0,Hong Kong (SAR),2020,42677
16392,China Airlines,711.113,972.7,43.736999999999995,0.221,44013,7,151,744,Taiwan,2020,42513
16441,Polar Air Cargo,883.6419999999999,624.148,0.0,0.0,44044,8,0,0,Japan,2020,42618
16481,Garuda Indonesia,229.31900000000002,147.368,11.267000000000001,0.0,44013,7,434,1403,Indonesia,2020,42529
16484,Federal Express Corporation,4115.706,0,0.0,0.0,44136,11,0,0,USA,2020,42829
16540,Qantas Airways,0.0,294.645,0.0,0.0,44044,8,0,0,Thailand,2020,42626
16553,Singapore Airlines,143.17600000000002,462.395,0.0,0.0,44044,8,0,0,New Zealand,2020,42632
16584,Delta Air Lines,235.35,358.544,82.781,0.0,44105,10,652,497,USA,2020,42736
16686,Qantas Airways,975.9810000000001,513.793,0.731,0.0,44013,7,0,0,Hong Kong (SAR),2020,42544
16732,AirAsia X,84.91,12.835,0.0,0.0,44044,8,0,0,Malaysia,2020,42576
16836,Emirates,0.0,0.251,0.0,0.0,44105,10,0,0,Indonesia,2020,42739
16894,China Southern Airlines,1067.965,910.149,128.689,0.0,44075,9,300,3981,China,2020,42660
16906,Scoot Tigerair,441.57099999999997,527.317,0.0,0.0,44044,8,322,397,Singapore,2020,42631
16937,Scoot Tigerair,563.77,386.209,0.0,0.0,44105,10,478,539,Singapore,2020,42785
17029,Federal Express Corporation,545.952,103.918,0.0,0.0,44105,10,0,0,Singapore,2020,42750
17127,Garuda Indonesia,104.374,92.756,20.2,0.0,44044,8,188,967,Indonesia,2020,42601
17179,United Parcel Service,1588.3470000000002,0,0.0,0.0,44075,9,0,0,USA,2020,42715
17234,Federal Express Corporation,461.486,98.288,0.0,0.0,44075,9,0,0,Singapore,2020,42672
17448,Emirates,34.222,74.258,0.0,0.0,44044,8,0,0,New Zealand,2020,42588
17454,Qantas Airways,1703.5539999999999,4.5,10.681,0.0,44105,10,0,0,USA,2020,42781
17647,Xiamen Airlines,148.8,120,10.9,0.0,44075,9,250,1745,China,2020,42717
17707,Qatar Airways,0.0,0,0.0,0.0,44136,11,0,0,Vietnam,2020,42864
17729,Hainan Airlines,92.071,0,0.0,0.0,44105,10,0,0,China,2020,42754
17757,Thai Airways International,69.11,88.647,5.1160000000000005,0.0,44105,10,141,456,Thailand,2020,42791
17788,Qantas Airways,141.3,248.843,0.0,0.0,44075,9,0,0,Singapore,2020,42698
18013,Polar Air Cargo,909.817,588.784,0.0,4.87,44075,9,0,0,Japan,2020,42690
18040,Kalitta Air,1502.924,0,0.0,0.0,44136,11,0,0,USA,2020,42838
18138,Polar Air Cargo,0.0,126.483,0.0,0.0,44105,10,0,0,New Zealand,2020,42772
18171,China Southern Airlines,1328.114,798.861,104.40799999999999,0.0,44136,11,345,4265,China,2020,42815
18297,Nauru Airlines,3.841,98.631,0.053,0.47600000000000003,44013,7,24,24,Nauru,2020,42537
18301,American Airlines,560.986,470.65,0.0,0.0,44075,9,0,0,USA,2020,42654
18623,Beijing Capital Airlines,65.69800000000001,77.898,0.0,0.0,44044,8,0,0,China,2020,42580
18828,Cebu Pacific Air,25.8,62.118,0.0,0.0,44136,11,0,0,Philippines,2020,42812
18886,Solomon Airlines,4.3839999999999995,24.706,0.0,0.0,44136,11,72,22,Solomon Islands,2020,42870
18954,Qantas Airways,1550.3429999999998,4.5,6.331,0.0,44013,7,0,0,USA,2020,42550
18999,Royal Brunei Airlines,95.428,130.781,0.11800000000000001,0.0,44136,11,0,18,Brunei,2020,42865
19561,Federal Express Corporation,0.0,3401.272,0.0,0.0,44136,11,0,0,China,2020,42826
19689,Fiji Airways,287.149,123.419,0.19699999999999998,11.14,44075,9,0,0,Fiji,2020,42674
19835,Qantas Airways,134.398,73.315,3.722,0.0,44013,7,0,0,Singapore,2020,42548
19871,SriLankan Airlines,65.929,50.357,1.6019999999999999,0.0,44044,8,0,1984,Sri Lanka,2020,42635
19940,Polar Air Cargo,0.0,225.404,0.0,0.0,44075,9,0,0,Korea,2020,42691
19956,Air India,63.266000000000005,55.73,14.123,0.159,44105,10,313,1023,India,2020,42722
20030,Air New Zealand,51.62,86.529,0.0,0.0,44075,9,0,0,USA,2020,42650
20084,Federal Express Corporation,0.0,3148.576,0.0,0.0,44075,9,0,0,China,2020,42671
20225,Federal Express Corporation,0.0,3463.079,0.0,0.0,44105,10,0,0,China,2020,42747
20489,United Airlines,985.6,1334.345,97.079,155.475,44136,11,1546,1799,USA,2020,42875
20709,Emirates,37.397,39.371,0.0,0.0,44075,9,0,0,New Zealand,2020,42664
20832,Malaysia Airlines,1695.2920000000001,1114.197,10.444,0.0,44105,10,696,1585,Malaysia,2020,42764
20894,Japan Airlines,266.881,636.879,102.06700000000001,8.294,44136,11,509,326,Japan,2020,42834
20944,Kalitta Air,1761.309,0,0.0,0.0,44013,7,0,0,USA,2020,42533
21278,United Parcel Service,0.0,104.67,0.0,0.0,44013,7,0,0,Singapore,2020,42563
21424,Federal Express Corporation,0.0,2934.114,0.0,0.0,44044,8,0,0,China,2020,42595
21490,Air China,1144.7160000000001,1124.368,40.757,23.61,44075,9,0,0,China,2020,42647
21611,Vietnam Airlines,375.866,477.956,0.0,0.556,44075,9,129,694,Vietnam,2020,42716
21615,Jetstar,0.0,1.349,0.0,0.0,44136,11,577,189,New Zealand,2020,42835
21636,Kalitta Air,0.0,1016.209,0.0,0.0,44105,10,0,0,Singapore,2020,42759
21778,Polar Air Cargo,815.0110000000001,0,0.0,0.0,44075,9,0,0,Guam,2020,42689
21881,Federal Express Corporation,533.6759999999999,196.335,0.0,0.0,44136,11,0,0,Singapore,2020,42828
21898,China Eastern Airlines,504.496,607.058,20.14,0.0,44136,11,319,1862,China,2020,42814
21955,Federal Express Corporation,1221.649,261.123,0.0,0.0,44013,7,0,0,Singapore,2020,42526
22152,Malaysia Airlines,1638.029,682.208,6.792999999999999,0.0,44044,8,336,1812,Malaysia,2020,42611
22187,Polar Air Cargo,0.0,79.82,0.0,0.0,44075,9,0,0,New Zealand,2020,42692
22214,Nauru Airlines,12.600999999999999,68.527,0.0,0.0,44105,10,60,86,Nauru,2020,42766
22226,All Nippon Airways,419.19699999999995,468.511,3.167,0.0,44136,11,696,647,Japan,2020,42807
22472,Kalitta Air,0.0,141.173,0.0,0.0,44075,9,0,0,Hong Kong (SAR),2020,42679
22529,Nauru Airlines,7.053999999999999,82.155,0.0,0.0,44075,9,27,48,Nauru,2020,42686
22780,Kalitta Air,1580.846,0,0.0,0.0,44075,9,0,0,USA,2020,42681
22791,Air Caledonie International,4.666,100.591,0.263,3.35,44013,7,56,74,New Caledonia,2020,42503
22803,Silk Air,0.309,0.991,0.0,0.0,44136,11,63,4,Singapore,2020,42867
22870,Kalitta Air,0.0,185.116,0.0,0.0,44013,7,0,0,Hong Kong (SAR),2020,42531
22954,Federal Express Corporation,35.736999999999995,0,0.0,0.0,44044,8,0,0,New Zealand,2020,42597
23040,Air Caledonie International,3.2710000000000004,107.929,0.479,3.299,44105,10,46,106,New Caledonia,2020,42718
23187,Air Canada,0.0,250.142,0.0,44.763000000000005,44105,10,0,0,New Zealand,2020,42720
23221,Philippine Airlines,5.018,40.032,0.0,0.0,44075,9,74,292,Philippines,2020,42688
23282,Singapore Airlines,256.095,706.488,0.0,0.0,44136,11,0,0,New Zealand,2020,42868
23916,Emirates,12.823,42.46,0.0,0.0,44105,10,0,0,New Zealand,2020,42740
23918,Emirates,0.0,443.096,0.0,0.0,44044,8,0,0,Hong Kong (SAR),2020,42587
23978,Polar Air Cargo,1007.265,0,0.0,0.0,44044,8,0,0,Guam,2020,42617
24414,Qantas Airways,100.20299999999999,177.545,0.0,0.001,44105,10,0,0,Japan,2020,42775
24528,Singapore Airlines,4800.763,3066.741,23.647,0.0,44044,8,1530,2968,Singapore,2020,42633
24739,LATAM Airlines,33.792,0,0.0,0.0,44013,7,0,0,Chile,2020,42535
24759,Etihad Airways,0.0,0,0.0,0.0,44075,9,0,0,New Zealand,2020,42668
24817,Air Vanuatu,0.7859999999999999,1.493,0.024,0.17800000000000002,44044,8,21,0,Vanuatu,2020,42575
24860,Emirates,38.975,247.353,0.0,0.0,44105,10,0,0,Thailand,2020,42743
25142,SriLankan Airlines,111.46799999999999,27.568,0.0,0.0,44136,11,141,1132,Sri Lanka,2020,42871
25323,Air New Zealand,1600.432,1620.528,150.767,57.071999999999996,44044,8,2532,6311,New Zealand,2020,42572
25390,Qantas Airways,0.0,0,0.0,0.0,44105,10,0,0,Philippines,2020,42778
25410,Federal Express Corporation,3591.4959999999996,0,0.0,0.0,44044,8,0,0,USA,2020,42599
25621,United Parcel Service,0.0,250.776,0.0,0.0,44013,7,0,0,Korea,2020,42562
25686,Qantas Airways,111.087,119.806,0.0,0.0,44075,9,0,0,Japan,2020,42695
25805,Air Caledonie International,3.449,91.729,0.284,4.1739999999999995,44075,9,52,67,New Caledonia,2020,42646
25890,United Parcel Service,0.0,74.614,0.0,0.0,44075,9,0,0,China,2020,42712
25916,Qantas Airways,0.0,0,0.0,0.0,44136,11,0,0,Korea,2020,42855
25923,China Eastern Airlines,596.9259999999999,672.621,0.0,0.0,44013,7,307,1605,China,2020,42514
25940,Polar Air Cargo,0.0,141.351,0.0,0.0,44136,11,0,0,New Zealand,2020,42851
25969,Tasman Cargo Airlines,1168.329,1021.2,0.0,0.0,44105,10,0,0,New Zealand,2020,42790
26131,Qatar Airways,2474.601,3817.786,173.86599999999999,75.45100000000001,44136,11,3438,5202,Qatar,2020,42862
26260,LATAM Airlines,52.305,27.927,0.0,0.0,44075,9,0,0,Chile,2020,42683
26267,United Airlines,110.37,91.25,25.066,47.147,44105,10,0,0,New Zealand,2020,42792
26270,China Southern Airlines,1056.583,724.346,101.287,0.0,44105,10,366,3601,China,2020,42735
26862,Qantas Airways,289.89799999999997,1104.717,0.0,0.0,44105,10,0,0,China,2020,42773
26919,LATAM Airlines,0.0,33.233,0.0,0.0,44075,9,0,0,New Zealand,2020,42684
26992,Japan Airlines,127.819,257.259,61.254,2.967,44013,7,0,0,Japan,2020,42530
27099,Federal Express Corporation,0.0,3166.075,0.0,0.0,44013,7,0,0,China,2020,42524
27146,Emirates,8.686,83.062,0.0,0.0,44013,7,0,0,New Zealand,2020,42518
27184,Fiji Airways,236.982,150.514,1.8840000000000001,10.725999999999999,44105,10,93,165,Fiji,2020,42752
27283,Qantas Airways,0.0,220.757,0.0,0.0,44105,10,0,0,Thailand,2020,42780
27375,Kalitta Air,1587.384,0,0.0,0.0,44105,10,0,0,USA,2020,42760
27527,Qantas Airways,1642.049,29.126,12.311,0.0,44136,11,0,0,USA,2020,42859
27689,Air New Zealand,871.799,1609.942,68.40100000000001,0.49,44136,11,4151,3741,New Zealand,2020,42804
27708,All Nippon Airways,234.512,180.151,3.305,0.0,44044,8,392,956,Japan,2020,42577
27740,Pacific Air Express,0.0,29.616,0.0,0.0,44136,11,0,0,Papua New Guinea,2020,42846
27890,Scoot Tigerair,539.844,481.85,0.0,0.0,44013,7,213,288,Singapore,2020,42553
28080,Emirates,0.0,29.824,0.0,3.5839999999999996,44105,10,0,0,Philippines,2020,42741
28442,Qantas Airways,1496.29,7.632,11.642000000000001,0.0,44044,8,0,0,USA,2020,42627
28660,Philippine Airlines,50.368,22.888,0.0,0.0,44136,11,58,107,Philippines,2020,42847
28721,Solomon Airlines,2.468,5.814,0.0,0.0,44075,9,40,104,Solomon Islands,2020,42706
28784,Garuda Indonesia,232.207,192.782,61.851000000000006,0.0,44136,11,435,663,Indonesia,2020,42831
28957,Polar Air Cargo,831.03,531.79,0.0,13.302999999999999,44105,10,0,0,Japan,2020,42770
29034,Fiji Airways,288.374,131.907,0.152,6.7589999999999995,44044,8,0,0,Fiji,2020,42600
29184,Emirates,0.0,192.275,0.0,0.0,44044,8,0,277,Thailand,2020,42590
29364,Air New Zealand,1541.749,1572.881,167.946,92.46799999999999,44013,7,4905,5169,New Zealand,2020,42506
29493,Eva Air,518.673,645.056,0.0,0.0,44075,9,0,128,Taiwan,2020,42670
29497,United Parcel Service,1484.4279999999999,0,0.0,0.0,44136,11,0,0,USA,2020,42879
29547,Nauru Airlines,0.0,61.044,0.0,0.0,44136,11,0,0,Solomon Islands,2020,42845
29555,Polar Air Cargo,0.0,433.738,0.0,0.0,44105,10,0,0,Korea,2020,42771
29830,Qantas Airways,0.0,205.52,0.0,0.004,44013,7,0,0,Thailand,2020,42549
29834,Qantas Airways,122.431,156.168,0.0,0.0,44136,11,0,0,Japan,2020,42854
29835,United Parcel Service,0.0,28.911,0.0,0.0,44136,11,0,0,Singapore,2020,42878
29934,Emirates,0.0,98.3,0.0,11.785,44136,11,0,0,Cambodia,2020,42817
29990,Solomon Airlines,0.52,27.439,0.0,0.0,44044,8,17,0,Solomon Islands,2020,42634
30114,Emirates,0.0,98.318,0.0,10.716,44105,10,0,0,Cambodia,2020,42737
30167,United Parcel Service,1779.9679999999998,0.362,0.0,0.0,44105,10,0,0,USA,2020,42796
30578,Qantas Airways,0.0,761.646,0.0,0.0,44044,8,0,0,China,2020,42620
30834,Polar Air Cargo,679.9760000000001,0,0.0,0.0,44105,10,0,0,Guam,2020,42769
30854,Fiji Airways,274.308,117.213,0.14,4.044,44013,7,0,0,Fiji,2020,42528
30886,China Airlines,889.525,1480.801,61.065,0.768,44075,9,142,783,Taiwan,2020,42658
30888,Virgin Australia,64.046,56.736,0.0,0.0,44013,7,0,0,USA,2020,42566
31168,China Eastern Airlines,462.71,439.733,10.113999999999999,0.0,44105,10,294,1997,China,2020,42734
31208,Vietnam Airlines,434.32599999999996,381.54,0.0,0.0,44044,8,104,839,Vietnam,2020,42643
31257,All Nippon Airways,221.74200000000002,216.295,3.2439999999999998,0.0,44013,7,356,935,Japan,2020,42509
31292,Air Vanuatu,0.737,4.7,0.0,0.0,44105,10,28,190,Vanuatu,2020,42727
31391,Qantas Airways,142.351,187.179,0.0,0.0,44105,10,0,0,Singapore,2020,42779
31432,Cathay Pacific Airways,3076.675,2353.887,126.226,0.0,44136,11,887,1683,Hong Kong (SAR),2020,42811
31472,United Parcel Service,0.0,377.73,0.0,0.0,44105,10,0,0,Korea,2020,42794
31623,Singapore Airlines,4778.920999999999,3379.65,43.688,0.0,44075,9,1996,2160,Singapore,2020,42705
31750,Emirates,3737.261,1737.868,82.87799999999999,171.493,44044,8,1448,5874,United Arab Emirates,2020,42591
31845,Air New Zealand,50.771,80.345,5.004,0.0,44105,10,0,0,USA,2020,42724
32037,Air Caledonie International,3.323,101.414,0.441,4.666,44136,11,79,64,New Caledonia,2020,42799
32155,Solomon Airlines,17.578,22.475,0.0,0.0,44013,7,38,218,Solomon Islands,2020,42556
32361,Vietnam Airlines,437.077,534.215,0.0,8.79,44136,11,248,691,Vietnam,2020,42880
32394,Cathay Pacific Airways,2969.3379999999997,2045.115,94.23200000000001,0.0,44105,10,958,1818,Hong Kong (SAR),2020,42732
32493,Pacific Air Express,0.0,28.63,0.0,0.0,44044,8,0,0,Papua New Guinea,2020,42615
33022,Federal Express Corporation,0.0,12.803,0.0,0.0,44105,10,0,0,Philippines,2020,42749
33159,American Airlines,475.50699999999995,248.086,0.0,0.0,44044,8,0,0,USA,2020,42578
33317,Emirates,0.0,481.946,0.0,0.0,44136,11,0,0,Hong Kong (SAR),2020,42818
33432,Air Canada,280.894,0,65.979,0.0,44136,11,0,0,Canada,2020,42800
33450,Air Niugini,149.726,251.807,0.0,0.0,44013,7,626,587,Papua New Guinea,2020,42507
33546,Asiana Airlines,48.257,31.139,0.0,0.0,44075,9,119,650,Korea,2020,42655
33583,Qantas Airways,1648.4920000000002,5.439,15.697000000000001,0.0,44075,9,0,0,USA,2020,42700
33592,Vietnam Airlines,422.38300000000004,494.06,0.0,1.882,44105,10,249,700,Vietnam,2020,42797
33614,Air New Zealand,29.638,34.96,0.0,0.0,44044,8,0,0,USA,2020,42573
33636,Jetstar,0.005,1.321,0.0,0.0,44105,10,316,88,New Zealand,2020,42757
33680,Tasman Cargo Airlines,1029.053,1143.793,0.0,0.0,44013,7,0,0,New Zealand,2020,42558
33721,China Eastern Airlines,450.97,612.261,0.0,0.0,44075,9,200,1943,China,2020,42659
33772,Qantas Airways,131.371,111.063,0.0,0.0,44044,8,0,0,Japan,2020,42622
33833,Qantas Airways,393.31,588.536,0.17,0.172,44013,7,0,0,New Zealand,2020,42547
34008,Federal Express Corporation,0.0,19.272,0.0,0.0,44013,7,0,0,Hong Kong (SAR),2020,42525
34273,Cathay Pacific Airways,2169.833,2413.697,162.283,0.0,44013,7,947,2864,Hong Kong (SAR),2020,42512
34354,Kalitta Air,0.0,189.785,0.0,0.0,44136,11,0,0,Hong Kong (SAR),2020,42836
34587,LATAM Airlines,29.058000000000003,26.373,0.0,0.0,44105,10,98,32,Chile,2020,42762
34732,LATAM Airlines,0.0,25.563,0.0,0.0,44044,8,0,0,New Zealand,2020,42610
34760,Korean Air,171.918,55.655,0.0,1.218,44044,8,0,75,Korea,2020,42608
34897,Beijing Capital Airlines,308.784,243.301,0.0,0.0,44105,10,0,0,China,2020,42731
35038,Federal Express Corporation,3346.68,0,0.0,0.0,44013,7,0,0,USA,2020,42527
35048,American Airlines,668.043,343.798,52.222,60.566,44136,11,358,326,USA,2020,42808
35064,Qantas Airways,115.12299999999999,156.691,0.0,0.0,44136,11,0,0,Singapore,2020,42857
35316,Emirates,36.325,121.526,0.0,0.42700000000000005,44136,11,0,0,New Zealand,2020,42820
35411,Malindo Air,0.0,11.735,0.0,0.0,44044,8,0,450,Malaysia,2020,42613
35492,Federal Express Corporation,0.0,20.527,0.0,0.0,44136,11,0,0,Philippines,2020,42827
35555,United Airlines,245.783,132.149,14.732999999999999,91.431,44136,11,0,0,New Zealand,2020,42874
35588,Delta Air Lines,151.326,172.538,30.125999999999998,0.0,44013,7,651,655,USA,2020,42516
35605,Nauru Airlines,0.0,27.272,0.0,0.0,44075,9,0,0,Solomon Islands,2020,42687
35745,Federal Express Corporation,3920.88,0,0.0,0.0,44105,10,0,0,USA,2020,42751
35927,China Airlines,929.643,1967.857,70.385,2.0669999999999997,44136,11,261,613,Taiwan,2020,42813
35990,Federal Express Corporation,3907.873,0,0.0,0.0,44075,9,0,0,USA,2020,42673
36101,Eva Air,614.539,647.881,0.0,0.0,44105,10,43,143,Taiwan,2020,42746
36104,Qatar Airways,2123.007,3430.759,121.882,8.549,44044,8,3281,13614,Qatar,2020,42629
36272,Malindo Air,0.0,8.316,0.0,0.0,44105,10,0,348,Malaysia,2020,42765
36380,Qatar Airways,0.0,0,0.0,0.0,44136,11,0,0,Singapore,2020,42863
36474,Malindo Air,0.0,0,0.0,0.0,44044,8,0,0,Indonesia,2020,42612
36502,Thai Airways International,96.77,117.378,5.435,0.0,44136,11,181,558,Thailand,2020,42873
36736,Emirates,0.0,0.174,0.0,0.0,44136,11,0,0,Indonesia,2020,42819
37116,Polar Air Cargo,884.941,623.325,0.0,0.0,44013,7,0,0,Japan,2020,42541
37154,Polar Air Cargo,0.0,82.486,0.0,0.0,44013,7,0,0,Korea,2020,42542
37345,Air Caledonie International,5.752999999999999,100.516,0.18,3.767,44044,8,72,91,New Caledonia,2020,42568
37624,Qantas Airways,808.405,395.647,0.025,0.0,44105,10,0,0,Hong Kong (SAR),2020,42774
37629,Malaysia Airlines,1331.296,1094.934,17.930999999999997,0.0,44136,11,348,585,Malaysia,2020,42842
38054,United Airlines,787.5419999999999,910.173,128.515,92.61,44013,7,1334,2465,USA,2020,42560
38223,United Airlines,0.0,17.324,0.0,26.239,44044,8,0,0,New Zealand,2020,42638
38284,China Southern Airlines,730.546,664.62,186.61599999999999,0.0,44044,8,342,4346,China,2020,42585
38353,Delta Air Lines,190.02900000000002,355.539,68.781,0.0,44136,11,976,571,USA,2020,42816
38439,Korean Air,113.67299999999999,50.22,0.0,4.093999999999999,44013,7,41,185,Korea,2020,42534
38551,United Parcel Service,1501.725,0,0.0,0.0,44013,7,0,0,USA,2020,42564
39014,Vietnam Airlines,299.632,325.906,0.0,0.0,44013,7,39,702,Vietnam,2020,42565
39071,Eva Air,562.339,697.456,0.0,0.0,44136,11,65,147,Taiwan,2020,42825
39125,Japan Airlines,171.18599999999998,254.672,47.518,4.728,44044,8,0,0,Japan,2020,42604
39292,Emirates,3328.938,1419.86,124.287,118.985,44136,11,2059,5414,United Arab Emirates,2020,42823
39308,Qatar Airways,1779.154,2863.072,87.492,16.649,44013,7,4578,15516,Qatar,2020,42551
39375,United Parcel Service,0.0,254.764,0.0,0.0,44136,11,0,0,Korea,2020,42877
39567,Air Vanuatu,0.551,3.737,0.0,0.0,44136,11,61,43,Vanuatu,2020,42806
39635,United Parcel Service,0.0,13.246,0.0,0.0,44136,11,0,0,China,2020,42876
39671,Emirates,393.62,394.782,2.699,0.848,44013,7,0,0,Singapore,2020,42519
39834,Singapore Airlines,5246.664000000001,3072.103,46.982,0.0,44136,11,4220,3900,Singapore,2020,42869
40003,Thai Airways International,91.954,97.866,4.479,0.0,44075,9,141,695,Thailand,2020,42709
40369,United Parcel Service,0.0,49.103,0.0,0.0,44013,7,0,0,China,2020,42561
40370,Qantas Airways,885.4010000000001,542.431,0.823,0.0,44075,9,0,0,Hong Kong (SAR),2020,42694
40418,United Airlines,948.503,1087.443,100.616,103.79899999999999,44044,8,1145,1991,USA,2020,42639
40437,Air China,1117.5919999999999,1112.513,27.461,8.155,44105,10,0,0,China,2020,42721
40448,Singapore Airlines,183.36599999999999,663.658,0.0,0.0,44105,10,0,0,New Zealand,2020,42786
40482,Qatar Airways,0.0,0,0.0,0.0,44136,11,0,0,Malaysia,2020,42860
40541,Royal Brunei Airlines,96.845,138.325,0.083,0.0,44105,10,0,21,Brunei,2020,42784
40544,Emirates,0.0,679.48,0.0,2.392,44075,9,0,0,Hong Kong (SAR),2020,42662
40767,Royal Brunei Airlines,86.589,153.984,0.065,0.0,44044,8,0,18,Brunei,2020,42630
40790,Emirates,49.898999999999994,187.329,0.0,0.0,44075,9,0,276,Thailand,2020,42666
40853,Polar Air Cargo,186.882,0,0.0,0.0,44013,7,0,0,Guam,2020,42540
40902,Philippine Airlines,160.142,20.345,0.0,0.0,44044,8,44,84,Philippines,2020,42616
40940,Xiamen Airlines,465.841,522.62,10.4,0.0,44044,8,152,1627,China,2020,42645
41053,Emirates,0.0,150.243,0.0,1.38,44013,7,0,277,Thailand,2020,42520
41376,Delta Air Lines,149.61,297.499,41.70399999999999,0.0,44075,9,438,441,USA,2020,42661
41535,Air India,45.051,72.702,60.765,0.0,44136,11,352,911,India,2020,42803
41536,Eva Air,488.92699999999996,356.506,0.0,0.0,44013,7,89,198,Taiwan,2020,42523
41680,China Airlines,1055.133,1827.025,59.828,2.176,44105,10,161,724,Taiwan,2020,42733
41731,Kalitta Air,0.0,1121.477,0.0,0.0,44013,7,0,0,Singapore,2020,42532
41756,Qantas Airways,430.92900000000003,840.323,0.0,0.0,44136,11,0,0,China,2020,42852
41781,Air Niugini,127.944,227.39,0.0,0.0,44075,9,569,550,Papua New Guinea,2020,42651
41893,Xiamen Airlines,144.1,118.207,6.6,0.0,44136,11,272,2450,China,2020,42881
42335,Beijing Capital Airlines,189.843,212.664,0.0,0.0,44075,9,0,0,China,2020,42656
